Version,Filename,NR,NAUTHORS,LOC,LOC_ADDED,AVGLOCADDED,MAXLOCADDED,CHURN,AVGCHURN,MAXCHURN,BUGGY
4.0.0,bookkeeper-benchmark/src/main/java/org/apache/bookkeeper/benchmark/MySqlClient.java,4,2,137,235,58.0,137,139,34.0,137,No
4.0.0,bookkeeper-benchmark/src/main/java/org/apache/bookkeeper/benchmark/TestClient.java,5,2,244,340,68.0,252,262,52.0,252,No
4.0.0,bookkeeper-server/src/main/java/org/apache/bookkeeper/bookie/Bookie.java,14,3,1026,1246,89.0,545,1026,73.0,545,Yes
4.0.0,bookkeeper-server/src/main/java/org/apache/bookkeeper/bookie/BookieException.java,3,3,92,121,40.0,81,92,30.0,81,Yes
4.0.0,bookkeeper-server/src/main/java/org/apache/bookkeeper/bookie/BufferedChannel.java,4,2,180,195,48.0,168,180,45.0,168,No
4.0.0,bookkeeper-server/src/main/java/org/apache/bookkeeper/bookie/EntryLogger.java,9,3,471,633,70.0,487,551,61.0,487,Yes
4.0.0,bookkeeper-server/src/main/java/org/apache/bookkeeper/bookie/FileInfo.java,5,3,204,210,42.0,124,204,40.0,124,Yes
4.0.0,bookkeeper-server/src/main/java/org/apache/bookkeeper/bookie/LedgerCache.java,7,3,551,621,88.0,536,557,79.0,536,Yes
4.0.0,bookkeeper-server/src/main/java/org/apache/bookkeeper/bookie/LedgerDescriptor.java,5,3,149,168,33.0,133,149,29.0,133,Yes
4.0.0,bookkeeper-server/src/main/java/org/apache/bookkeeper/bookie/LedgerEntryPage.java,3,3,157,164,54.0,151,157,52.0,151,Yes
4.0.0,bookkeeper-server/src/main/java/org/apache/bookkeeper/bookie/MarkerFileChannel.java,1,1,147,147,147.0,147,147,147.0,147,No
4.0.0,bookkeeper-server/src/main/java/org/apache/bookkeeper/client/AsyncCallback.java,5,3,137,269,53.0,126,141,28.0,126,Yes
4.0.0,bookkeeper-server/src/main/java/org/apache/bookkeeper/client/BKException.java,4,3,271,280,70.0,249,271,67.0,249,Yes
4.0.0,bookkeeper-server/src/main/java/org/apache/bookkeeper/client/BookKeeper.java,9,3,548,1040,115.0,410,548,60.0,410,Yes
4.0.0,bookkeeper-server/src/main/java/org/apache/bookkeeper/client/BookKeeperAdmin.java,6,2,728,931,155.0,714,882,147.0,714,Yes
4.0.0,bookkeeper-server/src/main/java/org/apache/bookkeeper/client/BookieWatcher.java,4,2,205,212,53.0,204,205,51.0,204,Yes
4.0.0,bookkeeper-server/src/main/java/org/apache/bookkeeper/client/CRC32DigestManager.java,2,2,50,53,26.0,50,50,25.0,50,No
4.0.0,bookkeeper-server/src/main/java/org/apache/bookkeeper/client/DigestManager.java,5,3,185,207,41.0,184,185,37.0,184,Yes
4.0.0,bookkeeper-server/src/main/java/org/apache/bookkeeper/client/DistributionSchedule.java,3,3,61,66,22.0,61,61,20.0,61,Yes
4.0.0,bookkeeper-server/src/main/java/org/apache/bookkeeper/client/LedgerCreateOp.java,8,3,157,210,26.0,167,181,22.0,167,Yes
4.0.0,bookkeeper-server/src/main/java/org/apache/bookkeeper/client/LedgerDeleteOp.java,4,3,81,92,23.0,80,81,20.0,80,No
4.0.0,bookkeeper-server/src/main/java/org/apache/bookkeeper/client/LedgerEntry.java,3,2,84,133,44.0,83,84,28.0,83,No
4.0.0,bookkeeper-server/src/main/java/org/apache/bookkeeper/client/LedgerHandle.java,12,3,762,1462,121.0,547,770,64.0,547,Yes
4.0.0,bookkeeper-server/src/main/java/org/apache/bookkeeper/client/LedgerMetadata.java,7,3,248,288,41.0,198,252,36.0,198,Yes
4.0.0,bookkeeper-server/src/main/java/org/apache/bookkeeper/client/LedgerOpenOp.java,9,3,169,232,25.0,140,171,19.0,140,Yes
4.0.0,bookkeeper-server/src/main/java/org/apache/bookkeeper/client/LedgerRecoveryOp.java,6,3,196,224,37.0,178,196,32.0,178,Yes
4.0.0,bookkeeper-server/src/main/java/org/apache/bookkeeper/client/MacDigestManager.java,4,3,67,76,19.0,67,67,16.0,67,No
4.0.0,bookkeeper-server/src/main/java/org/apache/bookkeeper/client/PendingAddOp.java,4,3,165,182,45.0,138,165,41.0,138,Yes
4.0.0,bookkeeper-server/src/main/java/org/apache/bookkeeper/client/PendingReadOp.java,4,3,173,193,48.0,170,173,43.0,170,Yes
4.0.0,bookkeeper-server/src/main/java/org/apache/bookkeeper/client/ReadLastConfirmedOp.java,6,2,103,127,21.0,101,107,17.0,101,Yes
4.0.0,bookkeeper-server/src/main/java/org/apache/bookkeeper/client/ReadOnlyLedgerHandle.java,1,1,78,78,78.0,78,78,78.0,78,Yes
4.0.0,bookkeeper-server/src/main/java/org/apache/bookkeeper/client/RoundRobinDistributionSchedule.java,2,2,87,88,44.0,87,87,43.0,87,Yes
4.0.0,bookkeeper-server/src/main/java/org/apache/bookkeeper/client/SyncCounter.java,2,2,85,86,43.0,85,85,42.0,85,No
4.0.0,bookkeeper-server/src/main/java/org/apache/bookkeeper/conf/AbstractConfiguration.java,2,1,105,106,53.0,61,105,52.0,61,Yes
4.0.0,bookkeeper-server/src/main/java/org/apache/bookkeeper/conf/ClientConfiguration.java,4,2,216,224,56.0,216,216,54.0,216,Yes
4.0.0,bookkeeper-server/src/main/java/org/apache/bookkeeper/conf/ServerConfiguration.java,4,2,377,397,99.0,377,377,94.0,377,Yes
4.0.0,bookkeeper-server/src/main/java/org/apache/bookkeeper/meta/AbstractZkLedgerManager.java,2,1,253,255,127.0,251,253,126.0,251,Yes
4.0.0,bookkeeper-server/src/main/java/org/apache/bookkeeper/meta/FlatLedgerManager.java,1,1,193,193,193.0,193,193,193.0,193,Yes
4.0.0,bookkeeper-server/src/main/java/org/apache/bookkeeper/meta/HierarchicalLedgerManager.java,1,1,514,514,514.0,514,514,514.0,514,Yes
4.0.0,bookkeeper-server/src/main/java/org/apache/bookkeeper/meta/LedgerLayout.java,1,1,204,204,204.0,204,204,204.0,204,No
4.0.0,bookkeeper-server/src/main/java/org/apache/bookkeeper/meta/LedgerManager.java,1,1,144,144,144.0,144,144,144.0,144,Yes
4.0.0,bookkeeper-server/src/main/java/org/apache/bookkeeper/meta/LedgerManagerFactory.java,1,1,98,98,98.0,98,98,98.0,98,No
4.0.0,bookkeeper-server/src/main/java/org/apache/bookkeeper/proto/BookieClient.java,7,3,181,203,29.0,178,189,27.0,178,Yes
4.0.0,bookkeeper-server/src/main/java/org/apache/bookkeeper/proto/BookieProtocol.java,4,3,154,162,40.0,75,154,38.0,75,Yes
4.0.0,bookkeeper-server/src/main/java/org/apache/bookkeeper/proto/BookieServer.java,11,3,393,489,44.0,209,399,36.0,209,Yes
4.0.0,bookkeeper-server/src/main/java/org/apache/bookkeeper/proto/BookkeeperInternalCallbacks.java,3,3,132,139,46.0,75,132,44.0,75,No
4.0.0,bookkeeper-server/src/main/java/org/apache/bookkeeper/proto/NIOServerFactory.java,8,3,533,556,69.0,521,535,66.0,521,No
4.0.0,bookkeeper-server/src/main/java/org/apache/bookkeeper/proto/PerChannelBookieClient.java,9,3,603,683,75.0,573,607,67.0,573,Yes
4.0.0,bookkeeper-server/src/main/java/org/apache/bookkeeper/proto/ServerStats.java,1,1,148,148,148.0,148,148,148.0,148,Yes
4.0.0,bookkeeper-server/src/main/java/org/apache/bookkeeper/streaming/LedgerInputStream.java,3,2,174,184,61.0,173,174,58.0,173,No
4.0.0,bookkeeper-server/src/main/java/org/apache/bookkeeper/streaming/LedgerOutputStream.java,3,2,148,158,52.0,147,148,49.0,147,No
4.0.0,bookkeeper-server/src/main/java/org/apache/bookkeeper/tools/BookKeeperTools.java,6,3,92,834,139.0,763,1442,240.0,763,No
4.0.0,bookkeeper-server/src/main/java/org/apache/bookkeeper/util/LocalBookKeeper.java,6,3,234,438,73.0,209,234,39.0,209,Yes
4.0.0,bookkeeper-server/src/main/java/org/apache/bookkeeper/util/Main.java,3,3,54,59,19.0,54,54,18.0,54,No
4.0.0,bookkeeper-server/src/main/java/org/apache/bookkeeper/util/MathUtils.java,2,2,38,43,21.0,38,38,19.0,38,Yes
4.0.0,bookkeeper-server/src/main/java/org/apache/bookkeeper/util/OrderedSafeExecutor.java,2,2,98,102,51.0,98,98,49.0,98,No
4.0.0,bookkeeper-server/src/main/java/org/apache/bookkeeper/util/SafeRunnable.java,3,2,39,49,16.0,38,39,13.0,38,No
4.0.0,bookkeeper-server/src/main/java/org/apache/bookkeeper/util/StringUtils.java,3,3,69,98,32.0,94,119,39.0,94,No
4.0.0,bookkeeper-server/src/main/java/org/apache/bookkeeper/util/ZkUtils.java,1,1,94,94,94.0,94,94,94.0,94,Yes
4.0.0,hedwig-client/src/main/java/org/apache/hedwig/client/HedwigClient.java,1,1,72,72,72.0,72,72,72.0,72,No
4.0.0,hedwig-client/src/main/java/org/apache/hedwig/client/api/Client.java,1,1,42,42,42.0,42,42,42.0,42,No
4.0.0,hedwig-client/src/main/java/org/apache/hedwig/client/api/MessageHandler.java,3,2,48,56,18.0,48,48,16.0,48,No
4.0.0,hedwig-client/src/main/java/org/apache/hedwig/client/api/Publisher.java,2,2,63,67,33.0,63,63,31.0,63,No
4.0.0,hedwig-client/src/main/java/org/apache/hedwig/client/api/Subscriber.java,2,2,237,257,128.0,237,237,118.0,237,Yes
4.0.0,hedwig-client/src/main/java/org/apache/hedwig/client/benchmark/BenchmarkPublisher.java,3,2,133,139,46.0,133,133,44.0,133,Yes
4.0.0,hedwig-client/src/main/java/org/apache/hedwig/client/benchmark/BenchmarkSubscriber.java,4,2,137,150,37.0,136,137,34.0,136,Yes
4.0.0,hedwig-client/src/main/java/org/apache/hedwig/client/benchmark/BenchmarkUtils.java,3,2,177,181,60.0,176,177,59.0,176,Yes
4.0.0,hedwig-client/src/main/java/org/apache/hedwig/client/benchmark/BenchmarkWorker.java,2,2,46,47,23.0,46,46,23.0,46,No
4.0.0,hedwig-client/src/main/java/org/apache/hedwig/client/benchmark/HedwigBenchmark.java,5,3,128,137,27.0,127,128,25.0,127,No
4.0.0,hedwig-client/src/main/java/org/apache/hedwig/client/conf/ClientConfiguration.java,3,2,149,152,50.0,148,149,49.0,148,No
4.0.0,hedwig-client/src/main/java/org/apache/hedwig/client/data/MessageConsumeData.java,2,2,58,59,29.0,58,58,29.0,58,No
4.0.0,hedwig-client/src/main/java/org/apache/hedwig/client/data/PubSubData.java,2,2,149,152,76.0,149,149,74.0,149,Yes
4.0.0,hedwig-client/src/main/java/org/apache/hedwig/client/data/TopicSubscriber.java,2,2,74,78,39.0,74,74,37.0,74,No
4.0.0,hedwig-client/src/main/java/org/apache/hedwig/client/exceptions/InvalidSubscriberIdException.java,1,1,37,37,37.0,37,37,37.0,37,No
4.0.0,hedwig-client/src/main/java/org/apache/hedwig/client/exceptions/ServerRedirectLoopException.java,2,2,38,40,20.0,38,38,19.0,38,No
4.0.0,hedwig-client/src/main/java/org/apache/hedwig/client/exceptions/TooManyServerRedirectsException.java,2,2,39,40,20.0,39,39,19.0,39,No
4.0.0,hedwig-client/src/main/java/org/apache/hedwig/client/handlers/MessageConsumeCallback.java,4,2,96,107,26.0,95,96,24.0,95,No
4.0.0,hedwig-client/src/main/java/org/apache/hedwig/client/handlers/PubSubCallback.java,3,2,88,91,30.0,87,88,29.0,87,No
4.0.0,hedwig-client/src/main/java/org/apache/hedwig/client/handlers/PublishResponseHandler.java,4,2,71,78,19.0,70,71,17.0,70,No
4.0.0,hedwig-client/src/main/java/org/apache/hedwig/client/handlers/SubscribeReconnectCallback.java,4,2,114,123,30.0,113,114,28.0,113,Yes
4.0.0,hedwig-client/src/main/java/org/apache/hedwig/client/handlers/SubscribeResponseHandler.java,6,3,336,414,69.0,329,336,56.0,329,Yes
4.0.0,hedwig-client/src/main/java/org/apache/hedwig/client/handlers/UnsubscribeResponseHandler.java,4,2,84,93,23.0,83,84,21.0,83,No
4.0.0,hedwig-client/src/main/java/org/apache/hedwig/client/netty/ClientChannelPipelineFactory.java,3,2,58,63,21.0,58,58,19.0,58,No
4.0.0,hedwig-client/src/main/java/org/apache/hedwig/client/netty/ConnectCallback.java,4,2,123,130,32.0,122,123,30.0,122,Yes
4.0.0,hedwig-client/src/main/java/org/apache/hedwig/client/netty/HedwigClientImpl.java,1,1,369,369,369.0,369,369,369.0,369,Yes
4.0.0,hedwig-client/src/main/java/org/apache/hedwig/client/netty/HedwigPublisher.java,5,2,231,243,48.0,224,231,46.0,224,Yes
4.0.0,hedwig-client/src/main/java/org/apache/hedwig/client/netty/HedwigSubscriber.java,4,2,586,645,161.0,585,586,146.0,585,Yes
4.0.0,hedwig-client/src/main/java/org/apache/hedwig/client/netty/ResponseHandler.java,5,2,366,390,78.0,365,366,73.0,365,Yes
4.0.0,hedwig-client/src/main/java/org/apache/hedwig/client/netty/WriteCallback.java,4,2,99,108,27.0,98,99,24.0,98,Yes
4.0.0,hedwig-client/src/main/java/org/apache/hedwig/client/ssl/SslClientContextFactory.java,1,1,41,41,41.0,41,41,41.0,41,No
4.0.0,hedwig-client/src/main/java/org/apache/hedwig/client/ssl/SslContextFactory.java,2,2,66,79,39.0,65,66,33.0,65,No
4.0.0,hedwig-client/src/main/java/org/apache/hedwig/conf/AbstractConfiguration.java,3,3,54,55,18.0,45,54,18.0,45,No
4.0.0,hedwig-client/src/main/java/org/apache/hedwig/util/Callback.java,2,2,47,51,25.0,47,47,23.0,47,No
4.0.0,hedwig-client/src/main/java/org/apache/hedwig/util/CallbackUtils.java,4,3,183,203,50.0,185,187,46.0,185,No
4.0.0,hedwig-client/src/main/java/org/apache/hedwig/util/ConcurrencyUtils.java,1,1,49,49,49.0,49,49,49.0,49,No
4.0.0,hedwig-client/src/main/java/org/apache/hedwig/util/Either.java,1,1,50,50,50.0,50,50,50.0,50,No
4.0.0,hedwig-client/src/main/java/org/apache/hedwig/util/FileUtils.java,2,2,98,100,50.0,97,98,49.0,97,No
4.0.0,hedwig-client/src/main/java/org/apache/hedwig/util/HedwigSocketAddress.java,1,1,138,138,138.0,138,138,138.0,138,Yes
4.0.0,hedwig-client/src/main/java/org/apache/hedwig/util/Option.java,1,1,43,43,43.0,43,43,43.0,43,No
4.0.0,hedwig-client/src/main/java/org/apache/hedwig/util/Pair.java,1,1,42,42,42.0,42,42,42.0,42,No
4.0.0,hedwig-client/src/main/java/org/apache/hedwig/util/PathUtils.java,1,1,56,56,56.0,56,56,56.0,56,Yes
4.0.0,hedwig-protocol/src/main/java/org/apache/hedwig/exceptions/PubSubException.java,2,2,162,163,81.0,162,162,81.0,162,Yes
4.0.0,hedwig-protocol/src/main/java/org/apache/hedwig/protocol/PubSubProtocol.java,2,2,6367,12222,6111.0,6127,6367,3183.0,6095,Yes
4.0.0,hedwig-protocol/src/main/java/org/apache/hedwig/protoextensions/MessageIdUtils.java,2,2,153,155,77.0,153,153,76.0,153,No
4.0.0,hedwig-protocol/src/main/java/org/apache/hedwig/protoextensions/PubSubResponseUtils.java,1,1,43,43,43.0,43,43,43.0,43,Yes
4.0.0,hedwig-protocol/src/main/java/org/apache/hedwig/protoextensions/SubscriptionStateUtils.java,2,2,41,42,21.0,41,41,20.0,41,No
4.0.0,hedwig-server/src/main/java/org/apache/hedwig/server/benchmark/AbstractBenchmark.java,3,2,105,155,51.0,104,105,35.0,104,Yes
4.0.0,hedwig-server/src/main/java/org/apache/hedwig/server/benchmark/BookieBenchmark.java,5,3,105,148,29.0,103,105,21.0,103,Yes
4.0.0,hedwig-server/src/main/java/org/apache/hedwig/server/benchmark/BookkeeperBenchmark.java,4,3,92,126,31.0,91,92,23.0,91,Yes
4.0.0,hedwig-server/src/main/java/org/apache/hedwig/server/benchmark/FakeBookie.java,3,2,101,151,50.0,100,101,33.0,100,No
4.0.0,hedwig-server/src/main/java/org/apache/hedwig/server/common/ByteStringInterner.java,1,1,45,45,45.0,45,45,45.0,45,No
4.0.0,hedwig-server/src/main/java/org/apache/hedwig/server/common/ServerConfiguration.java,2,2,289,290,145.0,289,289,144.0,289,Yes
4.0.0,hedwig-server/src/main/java/org/apache/hedwig/server/common/TerminateJVMExceptionHandler.java,2,2,32,35,17.0,31,32,16.0,31,Yes
4.0.0,hedwig-server/src/main/java/org/apache/hedwig/server/common/TopicOpQueuer.java,1,1,111,111,111.0,111,111,111.0,111,No
4.0.0,hedwig-server/src/main/java/org/apache/hedwig/server/common/UnexpectedError.java,2,2,35,36,18.0,35,35,17.0,35,No
4.0.0,hedwig-server/src/main/java/org/apache/hedwig/server/delivery/ChannelEndPoint.java,1,1,81,81,81.0,81,81,81.0,81,Yes
4.0.0,hedwig-server/src/main/java/org/apache/hedwig/server/delivery/DeliveryCallback.java,1,1,27,27,27.0,27,27,27.0,27,No
4.0.0,hedwig-server/src/main/java/org/apache/hedwig/server/delivery/DeliveryEndPoint.java,1,1,28,28,28.0,28,28,28.0,28,No
4.0.0,hedwig-server/src/main/java/org/apache/hedwig/server/delivery/DeliveryManager.java,2,2,29,30,15.0,29,29,14.0,29,Yes
4.0.0,hedwig-server/src/main/java/org/apache/hedwig/server/delivery/FIFODeliveryManager.java,4,3,566,600,150.0,561,566,141.0,561,Yes
4.0.0,hedwig-server/src/main/java/org/apache/hedwig/server/handlers/BaseHandler.java,2,2,64,80,40.0,64,64,32.0,64,No
4.0.0,hedwig-server/src/main/java/org/apache/hedwig/server/handlers/ChannelDisconnectListener.java,2,2,29,30,15.0,29,29,14.0,29,No
4.0.0,hedwig-server/src/main/java/org/apache/hedwig/server/handlers/ConsumeHandler.java,2,2,64,65,32.0,64,64,32.0,64,No
4.0.0,hedwig-server/src/main/java/org/apache/hedwig/server/handlers/Handler.java,2,2,37,40,20.0,37,37,18.0,37,No
4.0.0,hedwig-server/src/main/java/org/apache/hedwig/server/handlers/PublishHandler.java,2,2,68,79,39.0,68,68,34.0,68,Yes
4.0.0,hedwig-server/src/main/java/org/apache/hedwig/server/handlers/SubscribeHandler.java,3,2,154,165,55.0,153,154,51.0,153,Yes
4.0.0,hedwig-server/src/main/java/org/apache/hedwig/server/handlers/UnsubscribeHandler.java,2,2,72,73,36.0,72,72,36.0,72,Yes
4.0.0,hedwig-server/src/main/java/org/apache/hedwig/server/netty/PubSubServer.java,6,3,385,400,66.0,364,385,64.0,364,Yes
4.0.0,hedwig-server/src/main/java/org/apache/hedwig/server/netty/PubSubServerPipelineFactory.java,2,2,76,78,39.0,76,76,38.0,76,No
4.0.0,hedwig-server/src/main/java/org/apache/hedwig/server/netty/UmbrellaHandler.java,3,2,159,163,54.0,158,159,53.0,158,No
4.0.0,hedwig-server/src/main/java/org/apache/hedwig/server/persistence/BookkeeperPersistenceManager.java,3,2,737,886,295.0,736,737,245.0,736,Yes
4.0.0,hedwig-server/src/main/java/org/apache/hedwig/server/persistence/CacheKey.java,2,2,74,76,38.0,74,74,37.0,74,No
4.0.0,hedwig-server/src/main/java/org/apache/hedwig/server/persistence/CacheValue.java,3,2,94,97,32.0,93,94,31.0,93,No
4.0.0,hedwig-server/src/main/java/org/apache/hedwig/server/persistence/Factory.java,1,1,22,22,22.0,22,22,22.0,22,No
4.0.0,hedwig-server/src/main/java/org/apache/hedwig/server/persistence/LocalDBPersistenceManager.java,3,2,427,439,146.0,426,427,142.0,426,Yes
4.0.0,hedwig-server/src/main/java/org/apache/hedwig/server/persistence/MapMethods.java,1,1,62,62,62.0,62,62,62.0,62,No
4.0.0,hedwig-server/src/main/java/org/apache/hedwig/server/persistence/PersistRequest.java,2,2,58,59,29.0,58,58,29.0,58,No
4.0.0,hedwig-server/src/main/java/org/apache/hedwig/server/persistence/PersistenceManager.java,2,2,91,96,48.0,91,91,45.0,91,No
4.0.0,hedwig-server/src/main/java/org/apache/hedwig/server/persistence/PersistenceManagerWithRangeScan.java,2,2,27,28,14.0,27,27,13.0,27,No
4.0.0,hedwig-server/src/main/java/org/apache/hedwig/server/persistence/RangeScanRequest.java,2,2,77,79,39.0,77,77,38.0,77,No
4.0.0,hedwig-server/src/main/java/org/apache/hedwig/server/persistence/ReadAheadCache.java,3,2,704,742,247.0,703,704,234.0,703,Yes
4.0.0,hedwig-server/src/main/java/org/apache/hedwig/server/persistence/ScanCallback.java,2,2,63,67,33.0,63,63,31.0,63,No
4.0.0,hedwig-server/src/main/java/org/apache/hedwig/server/persistence/ScanCallbackWithContext.java,1,1,37,37,37.0,37,37,37.0,37,No
4.0.0,hedwig-server/src/main/java/org/apache/hedwig/server/persistence/ScanRequest.java,2,2,64,65,32.0,64,64,32.0,64,No
4.0.0,hedwig-server/src/main/java/org/apache/hedwig/server/proxy/ChannelTracker.java,2,2,124,127,63.0,124,124,62.0,124,No
4.0.0,hedwig-server/src/main/java/org/apache/hedwig/server/proxy/HedwigProxy.java,4,2,160,167,41.0,159,160,40.0,159,Yes
4.0.0,hedwig-server/src/main/java/org/apache/hedwig/server/proxy/ProxyConfiguration.java,2,2,36,41,20.0,36,36,18.0,36,Yes
4.0.0,hedwig-server/src/main/java/org/apache/hedwig/server/proxy/ProxyConsumeHandler.java,2,2,58,60,30.0,57,58,29.0,57,No
4.0.0,hedwig-server/src/main/java/org/apache/hedwig/server/proxy/ProxyPublishHander.java,1,1,62,62,62.0,62,62,62.0,62,No
4.0.0,hedwig-server/src/main/java/org/apache/hedwig/server/proxy/ProxyStartDeliveryHandler.java,4,2,130,142,35.0,129,130,32.0,129,Yes
4.0.0,hedwig-server/src/main/java/org/apache/hedwig/server/proxy/ProxyStopDeliveryHandler.java,2,2,74,76,38.0,73,74,37.0,73,Yes
4.0.0,hedwig-server/src/main/java/org/apache/hedwig/server/proxy/ProxySubscribeHandler.java,3,2,83,86,28.0,82,83,27.0,82,No
4.0.0,hedwig-server/src/main/java/org/apache/hedwig/server/proxy/ProxyUnsubscribeHandler.java,1,1,74,74,74.0,74,74,74.0,74,No
4.0.0,hedwig-server/src/main/java/org/apache/hedwig/server/regions/HedwigHubClient.java,2,2,48,50,25.0,48,48,24.0,48,No
4.0.0,hedwig-server/src/main/java/org/apache/hedwig/server/regions/HedwigHubClientFactory.java,2,2,60,61,30.0,60,60,30.0,60,No
4.0.0,hedwig-server/src/main/java/org/apache/hedwig/server/regions/HedwigHubSubscriber.java,3,2,70,76,25.0,70,70,23.0,70,No
4.0.0,hedwig-server/src/main/java/org/apache/hedwig/server/regions/RegionManager.java,4,2,183,202,50.0,180,183,45.0,180,Yes
4.0.0,hedwig-server/src/main/java/org/apache/hedwig/server/ssl/SslServerContextFactory.java,1,1,53,53,53.0,53,53,53.0,53,No
4.0.0,hedwig-server/src/main/java/org/apache/hedwig/server/subscriptions/AbstractSubscriptionManager.java,4,2,452,472,118.0,450,452,113.0,450,Yes
4.0.0,hedwig-server/src/main/java/org/apache/hedwig/server/subscriptions/AllToAllTopologyFilter.java,1,1,39,39,39.0,39,39,39.0,39,No
4.0.0,hedwig-server/src/main/java/org/apache/hedwig/server/subscriptions/InMemorySubscriptionManager.java,2,2,78,82,41.0,78,78,39.0,78,No
4.0.0,hedwig-server/src/main/java/org/apache/hedwig/server/subscriptions/InMemorySubscriptionState.java,2,2,64,65,32.0,64,64,32.0,64,Yes
4.0.0,hedwig-server/src/main/java/org/apache/hedwig/server/subscriptions/MessageFilter.java,2,2,31,32,16.0,31,31,15.0,31,No
4.0.0,hedwig-server/src/main/java/org/apache/hedwig/server/subscriptions/SubscriptionEventListener.java,2,2,57,61,30.0,57,57,28.0,57,No
4.0.0,hedwig-server/src/main/java/org/apache/hedwig/server/subscriptions/SubscriptionManager.java,2,2,104,111,55.0,104,104,52.0,104,Yes
4.0.0,hedwig-server/src/main/java/org/apache/hedwig/server/subscriptions/TrueFilter.java,1,1,32,32,32.0,32,32,32.0,32,Yes
4.0.0,hedwig-server/src/main/java/org/apache/hedwig/server/subscriptions/ZkSubscriptionManager.java,3,2,227,279,93.0,226,227,75.0,226,No
4.0.0,hedwig-server/src/main/java/org/apache/hedwig/server/topics/AbstractTopicManager.java,4,3,197,208,52.0,187,197,49.0,187,Yes
4.0.0,hedwig-server/src/main/java/org/apache/hedwig/server/topics/TopicManager.java,2,2,75,81,40.0,75,75,37.0,75,Yes
4.0.0,hedwig-server/src/main/java/org/apache/hedwig/server/topics/TopicOwnershipChangeListener.java,1,1,28,28,28.0,28,28,28.0,28,No
4.0.0,hedwig-server/src/main/java/org/apache/hedwig/server/topics/TrivialOwnAllTopicManager.java,2,2,52,54,27.0,52,52,26.0,52,Yes
4.0.0,hedwig-server/src/main/java/org/apache/hedwig/server/topics/ZkTopicManager.java,3,2,429,506,168.0,428,429,143.0,428,Yes
4.0.0,hedwig-server/src/main/java/org/apache/hedwig/zookeeper/SafeAsynBKCallback.java,2,2,104,134,67.0,104,104,52.0,104,No
4.0.0,hedwig-server/src/main/java/org/apache/hedwig/zookeeper/SafeAsyncCallback.java,1,1,35,35,35.0,35,35,35.0,35,Yes
4.0.0,hedwig-server/src/main/java/org/apache/hedwig/zookeeper/SafeAsyncZKCallback.java,2,2,98,99,49.0,98,98,49.0,98,No
4.0.0,hedwig-server/src/main/java/org/apache/hedwig/zookeeper/ZkUtils.java,3,2,79,94,31.0,78,79,26.0,78,No
4.1.0,bookkeeper-benchmark/src/main/java/org/apache/bookkeeper/benchmark/BenchBookie.java,3,1,215,227,75.0,177,215,71.0,177,No
4.1.0,bookkeeper-benchmark/src/main/java/org/apache/bookkeeper/benchmark/BenchReadThroughputLatency.java,2,1,271,284,142.0,260,271,135.0,260,No
4.1.0,bookkeeper-benchmark/src/main/java/org/apache/bookkeeper/benchmark/BenchThroughputLatency.java,5,3,451,534,106.0,425,459,91.0,425,No
4.1.0,bookkeeper-benchmark/src/main/java/org/apache/bookkeeper/benchmark/MySqlClient.java,0,0,137,0,0.0,0,0,0.0,0,No
4.1.0,bookkeeper-benchmark/src/main/java/org/apache/bookkeeper/benchmark/TestClient.java,2,2,368,305,152.0,294,124,62.0,123,Yes
4.1.0,bookkeeper-server/src/main/java/org/apache/bookkeeper/bookie/Bookie.java,20,3,764,580,29.0,106,612,30.0,327,Yes
4.1.0,bookkeeper-server/src/main/java/org/apache/bookkeeper/bookie/BookieBean.java,2,2,51,53,26.0,52,53,26.0,52,No
4.1.0,bookkeeper-server/src/main/java/org/apache/bookkeeper/bookie/BookieException.java,2,2,150,63,31.0,58,58,29.0,53,No
4.1.0,bookkeeper-server/src/main/java/org/apache/bookkeeper/bookie/BookieMXBean.java,2,2,31,33,16.0,33,35,17.0,33,No
4.1.0,bookkeeper-server/src/main/java/org/apache/bookkeeper/bookie/BufferedChannel.java,0,0,180,0,0.0,0,0,0.0,0,No
4.1.0,bookkeeper-server/src/main/java/org/apache/bookkeeper/bookie/Cookie.java,2,1,196,202,101.0,195,196,98.0,195,Yes
4.1.0,bookkeeper-server/src/main/java/org/apache/bookkeeper/bookie/EntryLogger.java,12,3,473,375,31.0,253,282,23.0,129,Yes
4.1.0,bookkeeper-server/src/main/java/org/apache/bookkeeper/bookie/ExitCode.java,1,1,40,40,40.0,40,40,40.0,40,No
4.1.0,bookkeeper-server/src/main/java/org/apache/bookkeeper/bookie/FileInfo.java,4,1,255,130,32.0,79,51,12.0,20,Yes
4.1.0,bookkeeper-server/src/main/java/org/apache/bookkeeper/bookie/FileSystemUpgrade.java,4,3,379,401,100.0,228,379,94.0,211,Yes
4.1.0,bookkeeper-server/src/main/java/org/apache/bookkeeper/bookie/GarbageCollectorThread.java,7,3,509,545,77.0,378,541,77.0,378,Yes
4.1.0,bookkeeper-server/src/main/java/org/apache/bookkeeper/bookie/HandleFactory.java,1,1,32,32,32.0,32,32,32.0,32,No
4.1.0,bookkeeper-server/src/main/java/org/apache/bookkeeper/bookie/HandleFactoryImpl.java,2,1,66,74,37.0,69,72,36.0,69,No
4.1.0,bookkeeper-server/src/main/java/org/apache/bookkeeper/bookie/InterleavedLedgerStorage.java,4,2,187,211,52.0,183,191,47.0,183,Yes
4.1.0,bookkeeper-server/src/main/java/org/apache/bookkeeper/bookie/Journal.java,3,2,576,589,196.0,550,576,192.0,550,Yes
4.1.0,bookkeeper-server/src/main/java/org/apache/bookkeeper/bookie/JournalChannel.java,3,1,158,161,53.0,157,158,52.0,157,Yes
4.1.0,bookkeeper-server/src/main/java/org/apache/bookkeeper/bookie/LedgerCache.java,8,2,46,128,16.0,92,579,72.0,531,Yes
4.1.0,bookkeeper-server/src/main/java/org/apache/bookkeeper/bookie/LedgerCacheBean.java,2,1,27,80,40.0,79,131,65.0,79,No
4.1.0,bookkeeper-server/src/main/java/org/apache/bookkeeper/bookie/LedgerCacheImpl.java,7,3,788,842,120.0,712,788,112.0,712,Yes
4.1.0,bookkeeper-server/src/main/java/org/apache/bookkeeper/bookie/LedgerCacheMXBean.java,1,1,60,60,60.0,60,60,60.0,60,No
4.1.0,bookkeeper-server/src/main/java/org/apache/bookkeeper/bookie/LedgerDescriptor.java,5,1,62,74,14.0,36,159,31.0,88,Yes
4.1.0,bookkeeper-server/src/main/java/org/apache/bookkeeper/bookie/LedgerDescriptorImpl.java,2,1,88,118,59.0,113,138,69.0,113,Yes
4.1.0,bookkeeper-server/src/main/java/org/apache/bookkeeper/bookie/LedgerDescriptorReadOnlyImpl.java,2,1,52,55,27.0,53,54,27.0,53,Yes
4.1.0,bookkeeper-server/src/main/java/org/apache/bookkeeper/bookie/LedgerEntryPage.java,2,2,163,9,4.0,6,6,3.0,4,No
4.1.0,bookkeeper-server/src/main/java/org/apache/bookkeeper/bookie/LedgerStorage.java,1,1,91,91,91.0,91,91,91.0,91,Yes
4.1.0,bookkeeper-server/src/main/java/org/apache/bookkeeper/bookie/MarkerFileChannel.java,0,0,147,0,0.0,0,0,0.0,0,No
4.1.0,bookkeeper-server/src/main/java/org/apache/bookkeeper/client/AsyncCallback.java,1,1,139,12,12.0,12,2,2.0,2,No
4.1.0,bookkeeper-server/src/main/java/org/apache/bookkeeper/client/BKException.java,1,1,282,11,11.0,11,11,11.0,11,No
4.1.0,bookkeeper-server/src/main/java/org/apache/bookkeeper/client/BookKeeper.java,6,3,582,152,25.0,106,116,19.0,68,Yes
4.1.0,bookkeeper-server/src/main/java/org/apache/bookkeeper/client/BookKeeperAdmin.java,4,2,800,91,22.0,73,72,18.0,62,Yes
4.1.0,bookkeeper-server/src/main/java/org/apache/bookkeeper/client/BookieWatcher.java,3,1,216,19,6.0,9,11,3.0,7,Yes
4.1.0,bookkeeper-server/src/main/java/org/apache/bookkeeper/client/CRC32DigestManager.java,1,1,55,9,9.0,9,5,5.0,5,No
4.1.0,bookkeeper-server/src/main/java/org/apache/bookkeeper/client/DigestManager.java,3,2,184,8,2.0,4,3,1.0,2,No
4.1.0,bookkeeper-server/src/main/java/org/apache/bookkeeper/client/DistributionSchedule.java,1,1,65,13,13.0,13,4,4.0,4,No
4.1.0,bookkeeper-server/src/main/java/org/apache/bookkeeper/client/LedgerCreateOp.java,2,1,150,26,13.0,25,7,3.0,7,Yes
4.1.0,bookkeeper-server/src/main/java/org/apache/bookkeeper/client/LedgerDeleteOp.java,0,0,81,0,0.0,0,0,0.0,0,No
4.1.0,bookkeeper-server/src/main/java/org/apache/bookkeeper/client/LedgerEntry.java,0,0,84,0,0.0,0,0,0.0,0,No
4.1.0,bookkeeper-server/src/main/java/org/apache/bookkeeper/client/LedgerHandle.java,9,3,905,221,24.0,95,143,15.0,65,Yes
4.1.0,bookkeeper-server/src/main/java/org/apache/bookkeeper/client/LedgerMetadata.java,5,3,312,70,14.0,44,64,12.0,44,Yes
4.1.0,bookkeeper-server/src/main/java/org/apache/bookkeeper/client/LedgerOpenOp.java,1,1,171,5,5.0,5,2,2.0,2,No
4.1.0,bookkeeper-server/src/main/java/org/apache/bookkeeper/client/LedgerRecoveryOp.java,6,3,153,30,5.0,19,49,8.0,46,Yes
4.1.0,bookkeeper-server/src/main/java/org/apache/bookkeeper/client/MacDigestManager.java,1,1,84,26,26.0,26,17,17.0,17,No
4.1.0,bookkeeper-server/src/main/java/org/apache/bookkeeper/client/PendingAddOp.java,2,2,169,5,2.0,4,4,2.0,4,Yes
4.1.0,bookkeeper-server/src/main/java/org/apache/bookkeeper/client/PendingReadOp.java,3,2,189,17,5.0,15,16,5.0,15,Yes
4.1.0,bookkeeper-server/src/main/java/org/apache/bookkeeper/client/ReadLastConfirmedOp.java,5,2,127,59,11.0,37,24,4.0,14,Yes
4.1.0,bookkeeper-server/src/main/java/org/apache/bookkeeper/client/ReadOnlyLedgerHandle.java,1,1,79,2,2.0,2,1,1.0,1,Yes
4.1.0,bookkeeper-server/src/main/java/org/apache/bookkeeper/client/RoundRobinDistributionSchedule.java,1,1,90,25,25.0,25,3,3.0,3,No
4.1.0,bookkeeper-server/src/main/java/org/apache/bookkeeper/client/SyncCounter.java,0,0,85,0,0.0,0,0,0.0,0,No
4.1.0,bookkeeper-server/src/main/java/org/apache/bookkeeper/conf/AbstractConfiguration.java,2,2,113,10,5.0,10,10,5.0,9,Yes
4.1.0,bookkeeper-server/src/main/java/org/apache/bookkeeper/conf/ClientConfiguration.java,3,2,276,61,20.0,30,60,20.0,30,Yes
4.1.0,bookkeeper-server/src/main/java/org/apache/bookkeeper/conf/ServerConfiguration.java,6,2,549,182,30.0,110,182,30.0,110,Yes
4.1.0,bookkeeper-server/src/main/java/org/apache/bookkeeper/jmx/BKMBeanInfo.java,1,1,27,27,27.0,27,27,27.0,27,No
4.1.0,bookkeeper-server/src/main/java/org/apache/bookkeeper/jmx/BKMBeanRegistry.java,2,1,88,89,44.0,84,88,44.0,84,Yes
4.1.0,bookkeeper-server/src/main/java/org/apache/bookkeeper/meta/AbstractZkLedgerManager.java,4,3,283,36,9.0,23,30,7.0,23,Yes
4.1.0,bookkeeper-server/src/main/java/org/apache/bookkeeper/meta/FlatLedgerManager.java,2,2,175,12,6.0,7,24,12.0,21,Yes
4.1.0,bookkeeper-server/src/main/java/org/apache/bookkeeper/meta/HierarchicalLedgerManager.java,4,2,507,29,7.0,15,25,6.0,16,Yes
4.1.0,bookkeeper-server/src/main/java/org/apache/bookkeeper/meta/LedgerLayout.java,1,1,209,5,5.0,5,5,5.0,5,No
4.1.0,bookkeeper-server/src/main/java/org/apache/bookkeeper/meta/LedgerManager.java,1,1,147,5,5.0,5,3,3.0,3,No
4.1.0,bookkeeper-server/src/main/java/org/apache/bookkeeper/meta/LedgerManagerFactory.java,1,1,98,1,1.0,1,0,0.0,0,No
4.1.0,bookkeeper-server/src/main/java/org/apache/bookkeeper/meta/SnapshotMap.java,1,1,132,132,132.0,132,132,132.0,132,No
4.1.0,bookkeeper-server/src/main/java/org/apache/bookkeeper/proto/BKStats.java,1,1,236,236,236.0,236,236,236.0,236,Yes
4.1.0,bookkeeper-server/src/main/java/org/apache/bookkeeper/proto/BookieClient.java,3,2,227,49,16.0,26,46,15.0,26,Yes
4.1.0,bookkeeper-server/src/main/java/org/apache/bookkeeper/proto/BookieProtocol.java,3,2,172,20,6.0,10,18,6.0,8,No
4.1.0,bookkeeper-server/src/main/java/org/apache/bookkeeper/proto/BookieServer.java,9,2,507,153,17.0,61,114,12.0,59,Yes
4.1.0,bookkeeper-server/src/main/java/org/apache/bookkeeper/proto/BookieServerBean.java,1,1,90,90,90.0,90,90,90.0,90,Yes
4.1.0,bookkeeper-server/src/main/java/org/apache/bookkeeper/proto/BookieServerMXBean.java,1,1,58,58,58.0,58,58,58.0,58,No
4.1.0,bookkeeper-server/src/main/java/org/apache/bookkeeper/proto/BookkeeperInternalCallbacks.java,0,0,132,0,0.0,0,0,0.0,0,No
4.1.0,bookkeeper-server/src/main/java/org/apache/bookkeeper/proto/NIOServerFactory.java,4,1,529,9,2.0,5,4,1.0,3,Yes
4.1.0,bookkeeper-server/src/main/java/org/apache/bookkeeper/proto/PerChannelBookieClient.java,10,3,694,193,19.0,48,107,10.0,43,Yes
4.1.0,bookkeeper-server/src/main/java/org/apache/bookkeeper/proto/ServerStats.java,0,0,148,0,0.0,0,0,0.0,0,Yes
4.1.0,bookkeeper-server/src/main/java/org/apache/bookkeeper/streaming/LedgerInputStream.java,0,0,174,0,0.0,0,0,0.0,0,No
4.1.0,bookkeeper-server/src/main/java/org/apache/bookkeeper/streaming/LedgerOutputStream.java,0,0,148,0,0.0,0,0,0.0,0,No
4.1.0,bookkeeper-server/src/main/java/org/apache/bookkeeper/tools/BookKeeperTools.java,1,1,92,2,2.0,2,0,0.0,0,No
4.1.0,bookkeeper-server/src/main/java/org/apache/bookkeeper/util/HardLink.java,2,1,665,666,333.0,665,665,332.0,665,No
4.1.0,bookkeeper-server/src/main/java/org/apache/bookkeeper/util/IOUtils.java,1,1,55,55,55.0,55,55,55.0,55,No
4.1.0,bookkeeper-server/src/main/java/org/apache/bookkeeper/util/LocalBookKeeper.java,3,2,256,43,14.0,33,22,7.0,19,Yes
4.1.0,bookkeeper-server/src/main/java/org/apache/bookkeeper/util/Main.java,0,0,54,0,0.0,0,0,0.0,0,No
4.1.0,bookkeeper-server/src/main/java/org/apache/bookkeeper/util/MathUtils.java,0,0,38,0,0.0,0,0,0.0,0,Yes
4.1.0,bookkeeper-server/src/main/java/org/apache/bookkeeper/util/OrderedSafeExecutor.java,0,0,98,0,0.0,0,0,0.0,0,Yes
4.1.0,bookkeeper-server/src/main/java/org/apache/bookkeeper/util/SafeRunnable.java,0,0,39,0,0.0,0,0,0.0,0,No
4.1.0,bookkeeper-server/src/main/java/org/apache/bookkeeper/util/StringUtils.java,0,0,69,0,0.0,0,0,0.0,0,Yes
4.1.0,bookkeeper-server/src/main/java/org/apache/bookkeeper/util/ZkUtils.java,0,0,94,0,0.0,0,0,0.0,0,Yes
4.1.0,hedwig-client/src/main/java/org/apache/hedwig/client/HedwigClient.java,0,0,72,0,0.0,0,0,0.0,0,No
4.1.0,hedwig-client/src/main/java/org/apache/hedwig/client/api/Client.java,0,0,42,0,0.0,0,0,0.0,0,No
4.1.0,hedwig-client/src/main/java/org/apache/hedwig/client/api/MessageHandler.java,0,0,48,0,0.0,0,0,0.0,0,No
4.1.0,hedwig-client/src/main/java/org/apache/hedwig/client/api/Publisher.java,0,0,63,0,0.0,0,0,0.0,0,Yes
4.1.0,hedwig-client/src/main/java/org/apache/hedwig/client/api/Subscriber.java,3,2,318,86,28.0,47,81,27.0,47,Yes
4.1.0,hedwig-client/src/main/java/org/apache/hedwig/client/benchmark/BenchmarkPublisher.java,1,1,136,3,3.0,3,3,3.0,3,Yes
4.1.0,hedwig-client/src/main/java/org/apache/hedwig/client/benchmark/BenchmarkSubscriber.java,1,1,141,4,4.0,4,4,4.0,4,Yes
4.1.0,hedwig-client/src/main/java/org/apache/hedwig/client/benchmark/BenchmarkUtils.java,1,1,190,15,15.0,15,13,13.0,13,Yes
4.1.0,hedwig-client/src/main/java/org/apache/hedwig/client/benchmark/BenchmarkWorker.java,0,0,46,0,0.0,0,0,0.0,0,No
4.1.0,hedwig-client/src/main/java/org/apache/hedwig/client/benchmark/HedwigBenchmark.java,1,1,165,59,59.0,59,37,37.0,37,No
4.1.0,hedwig-client/src/main/java/org/apache/hedwig/client/conf/ClientConfiguration.java,1,1,162,13,13.0,13,13,13.0,13,No
4.1.0,hedwig-client/src/main/java/org/apache/hedwig/client/data/MessageConsumeData.java,0,0,58,0,0.0,0,0,0.0,0,No
4.1.0,hedwig-client/src/main/java/org/apache/hedwig/client/data/PubSubData.java,1,1,148,9,9.0,9,1,1.0,1,Yes
4.1.0,hedwig-client/src/main/java/org/apache/hedwig/client/data/TopicSubscriber.java,0,0,74,0,0.0,0,0,0.0,0,No
4.1.0,hedwig-client/src/main/java/org/apache/hedwig/client/exceptions/AlreadyStartDeliveryException.java,1,1,36,36,36.0,36,36,36.0,36,No
4.1.0,hedwig-client/src/main/java/org/apache/hedwig/client/exceptions/InvalidSubscriberIdException.java,0,0,37,0,0.0,0,0,0.0,0,No
4.1.0,hedwig-client/src/main/java/org/apache/hedwig/client/exceptions/ServerRedirectLoopException.java,0,0,38,0,0.0,0,0,0.0,0,No
4.1.0,hedwig-client/src/main/java/org/apache/hedwig/client/exceptions/TooManyServerRedirectsException.java,0,0,39,0,0.0,0,0,0.0,0,No
4.1.0,hedwig-client/src/main/java/org/apache/hedwig/client/handlers/MessageConsumeCallback.java,0,0,96,0,0.0,0,0,0.0,0,Yes
4.1.0,hedwig-client/src/main/java/org/apache/hedwig/client/handlers/PubSubCallback.java,0,0,88,0,0.0,0,0,0.0,0,No
4.1.0,hedwig-client/src/main/java/org/apache/hedwig/client/handlers/PublishResponseHandler.java,0,0,71,0,0.0,0,0,0.0,0,No
4.1.0,hedwig-client/src/main/java/org/apache/hedwig/client/handlers/SubscribeReconnectCallback.java,1,1,114,14,14.0,14,0,0.0,0,No
4.1.0,hedwig-client/src/main/java/org/apache/hedwig/client/handlers/SubscribeResponseHandler.java,1,1,342,42,42.0,42,6,6.0,6,Yes
4.1.0,hedwig-client/src/main/java/org/apache/hedwig/client/handlers/UnsubscribeResponseHandler.java,0,0,84,0,0.0,0,0,0.0,0,No
4.1.0,hedwig-client/src/main/java/org/apache/hedwig/client/netty/ClientChannelPipelineFactory.java,0,0,58,0,0.0,0,0,0.0,0,No
4.1.0,hedwig-client/src/main/java/org/apache/hedwig/client/netty/ConnectCallback.java,1,1,129,7,7.0,7,6,6.0,6,No
4.1.0,hedwig-client/src/main/java/org/apache/hedwig/client/netty/HedwigClientImpl.java,1,1,363,5,5.0,5,6,6.0,6,Yes
4.1.0,hedwig-client/src/main/java/org/apache/hedwig/client/netty/HedwigPublisher.java,1,1,242,12,12.0,12,11,11.0,11,Yes
4.1.0,hedwig-client/src/main/java/org/apache/hedwig/client/netty/HedwigSubscriber.java,4,1,682,120,30.0,38,96,24.0,37,Yes
4.1.0,hedwig-client/src/main/java/org/apache/hedwig/client/netty/ResponseHandler.java,1,1,366,1,1.0,1,0,0.0,0,No
4.1.0,hedwig-client/src/main/java/org/apache/hedwig/client/netty/WriteCallback.java,1,1,103,5,5.0,5,4,4.0,4,No
4.1.0,hedwig-client/src/main/java/org/apache/hedwig/client/ssl/SslClientContextFactory.java,0,0,41,0,0.0,0,0,0.0,0,No
4.1.0,hedwig-client/src/main/java/org/apache/hedwig/client/ssl/SslContextFactory.java,0,0,66,0,0.0,0,0,0.0,0,No
4.1.0,hedwig-client/src/main/java/org/apache/hedwig/conf/AbstractConfiguration.java,1,1,63,9,9.0,9,9,9.0,9,No
4.1.0,hedwig-client/src/main/java/org/apache/hedwig/util/Callback.java,0,0,47,0,0.0,0,0,0.0,0,No
4.1.0,hedwig-client/src/main/java/org/apache/hedwig/util/CallbackUtils.java,0,0,183,0,0.0,0,0,0.0,0,No
4.1.0,hedwig-client/src/main/java/org/apache/hedwig/util/ConcurrencyUtils.java,0,0,49,0,0.0,0,0,0.0,0,No
4.1.0,hedwig-client/src/main/java/org/apache/hedwig/util/Either.java,0,0,50,0,0.0,0,0,0.0,0,No
4.1.0,hedwig-client/src/main/java/org/apache/hedwig/util/FileUtils.java,0,0,98,0,0.0,0,0,0.0,0,No
4.1.0,hedwig-client/src/main/java/org/apache/hedwig/util/HedwigSocketAddress.java,1,1,143,5,5.0,5,5,5.0,5,No
4.1.0,hedwig-client/src/main/java/org/apache/hedwig/util/Option.java,0,0,43,0,0.0,0,0,0.0,0,No
4.1.0,hedwig-client/src/main/java/org/apache/hedwig/util/Pair.java,0,0,42,0,0.0,0,0,0.0,0,No
4.1.0,hedwig-client/src/main/java/org/apache/hedwig/util/PathUtils.java,1,1,56,3,3.0,3,0,0.0,0,No
4.1.0,hedwig-protocol/src/main/java/org/apache/hedwig/exceptions/PubSubException.java,0,0,162,0,0.0,0,0,0.0,0,Yes
4.1.0,hedwig-protocol/src/main/java/org/apache/hedwig/protocol/PubSubProtocol.java,1,1,6523,6504,6504.0,6504,156,156.0,156,Yes
4.1.0,hedwig-protocol/src/main/java/org/apache/hedwig/protoextensions/MessageIdUtils.java,0,0,153,0,0.0,0,0,0.0,0,No
4.1.0,hedwig-protocol/src/main/java/org/apache/hedwig/protoextensions/PubSubResponseUtils.java,1,1,43,1,1.0,1,0,0.0,0,No
4.1.0,hedwig-protocol/src/main/java/org/apache/hedwig/protoextensions/SubscriptionStateUtils.java,0,0,41,0,0.0,0,0,0.0,0,No
4.1.0,hedwig-server/src/main/java/org/apache/hedwig/admin/HedwigAdmin.java,3,2,400,407,135.0,397,400,133.0,397,Yes
4.1.0,hedwig-server/src/main/java/org/apache/hedwig/admin/console/HedwigCommands.java,2,1,425,428,214.0,424,425,212.0,424,Yes
4.1.0,hedwig-server/src/main/java/org/apache/hedwig/admin/console/HedwigConsole.java,2,1,1041,1057,528.0,1029,1041,520.0,1029,Yes
4.1.0,hedwig-server/src/main/java/org/apache/hedwig/admin/console/JLineHedwigCompletor.java,1,1,92,92,92.0,92,92,92.0,92,No
4.1.0,hedwig-server/src/main/java/org/apache/hedwig/admin/console/ReadTopic.java,2,1,355,357,178.0,357,359,179.0,357,Yes
4.1.0,hedwig-server/src/main/java/org/apache/hedwig/server/benchmark/AbstractBenchmark.java,0,0,105,0,0.0,0,0,0.0,0,Yes
4.1.0,hedwig-server/src/main/java/org/apache/hedwig/server/benchmark/BookieBenchmark.java,0,0,105,0,0.0,0,0,0.0,0,Yes
4.1.0,hedwig-server/src/main/java/org/apache/hedwig/server/benchmark/BookkeeperBenchmark.java,0,0,92,0,0.0,0,0,0.0,0,Yes
4.1.0,hedwig-server/src/main/java/org/apache/hedwig/server/benchmark/FakeBookie.java,0,0,101,0,0.0,0,0,0.0,0,No
4.1.0,hedwig-server/src/main/java/org/apache/hedwig/server/common/ByteStringInterner.java,0,0,45,0,0.0,0,0,0.0,0,Yes
4.1.0,hedwig-server/src/main/java/org/apache/hedwig/server/common/ServerConfiguration.java,2,1,299,12,6.0,8,10,5.0,8,Yes
4.1.0,hedwig-server/src/main/java/org/apache/hedwig/server/common/TerminateJVMExceptionHandler.java,1,1,32,1,1.0,1,0,0.0,0,No
4.1.0,hedwig-server/src/main/java/org/apache/hedwig/server/common/TopicOpQueuer.java,0,0,111,0,0.0,0,0,0.0,0,No
4.1.0,hedwig-server/src/main/java/org/apache/hedwig/server/common/UnexpectedError.java,0,0,35,0,0.0,0,0,0.0,0,No
4.1.0,hedwig-server/src/main/java/org/apache/hedwig/server/delivery/ChannelEndPoint.java,1,1,85,4,4.0,4,4,4.0,4,Yes
4.1.0,hedwig-server/src/main/java/org/apache/hedwig/server/delivery/DeliveryCallback.java,0,0,27,0,0.0,0,0,0.0,0,No
4.1.0,hedwig-server/src/main/java/org/apache/hedwig/server/delivery/DeliveryEndPoint.java,0,0,28,0,0.0,0,0,0.0,0,No
4.1.0,hedwig-server/src/main/java/org/apache/hedwig/server/delivery/DeliveryManager.java,2,1,36,7,3.0,5,7,3.0,5,Yes
4.1.0,hedwig-server/src/main/java/org/apache/hedwig/server/delivery/FIFODeliveryManager.java,2,1,574,11,5.0,8,8,4.0,5,Yes
4.1.0,hedwig-server/src/main/java/org/apache/hedwig/server/handlers/BaseHandler.java,1,1,67,3,3.0,3,3,3.0,3,No
4.1.0,hedwig-server/src/main/java/org/apache/hedwig/server/handlers/ChannelDisconnectListener.java,0,0,29,0,0.0,0,0,0.0,0,No
4.1.0,hedwig-server/src/main/java/org/apache/hedwig/server/handlers/ConsumeHandler.java,1,1,72,8,8.0,8,8,8.0,8,No
4.1.0,hedwig-server/src/main/java/org/apache/hedwig/server/handlers/Handler.java,0,0,37,0,0.0,0,0,0.0,0,No
4.1.0,hedwig-server/src/main/java/org/apache/hedwig/server/handlers/NettyHandlerBean.java,2,1,51,52,26.0,51,51,25.0,51,No
4.1.0,hedwig-server/src/main/java/org/apache/hedwig/server/handlers/NettyHandlerMXBean.java,1,1,31,31,31.0,31,31,31.0,31,No
4.1.0,hedwig-server/src/main/java/org/apache/hedwig/server/handlers/PublishHandler.java,1,1,77,9,9.0,9,9,9.0,9,Yes
4.1.0,hedwig-server/src/main/java/org/apache/hedwig/server/handlers/SubscribeHandler.java,1,1,168,14,14.0,14,14,14.0,14,Yes
4.1.0,hedwig-server/src/main/java/org/apache/hedwig/server/handlers/UnsubscribeHandler.java,1,1,81,10,10.0,10,9,9.0,9,Yes
4.1.0,hedwig-server/src/main/java/org/apache/hedwig/server/jmx/HedwigJMXService.java,1,1,37,37,37.0,37,37,37.0,37,No
4.1.0,hedwig-server/src/main/java/org/apache/hedwig/server/jmx/HedwigMBeanInfo.java,1,1,27,27,27.0,27,27,27.0,27,No
4.1.0,hedwig-server/src/main/java/org/apache/hedwig/server/jmx/HedwigMBeanRegistry.java,1,1,48,48,48.0,48,48,48.0,48,No
4.1.0,hedwig-server/src/main/java/org/apache/hedwig/server/netty/PubSubServer.java,3,1,436,79,26.0,53,67,22.0,53,Yes
4.1.0,hedwig-server/src/main/java/org/apache/hedwig/server/netty/PubSubServerBean.java,1,1,77,77,77.0,77,77,77.0,77,Yes
4.1.0,hedwig-server/src/main/java/org/apache/hedwig/server/netty/PubSubServerMXBean.java,1,1,63,63,63.0,63,63,63.0,63,No
4.1.0,hedwig-server/src/main/java/org/apache/hedwig/server/netty/PubSubServerPipelineFactory.java,0,0,76,0,0.0,0,0,0.0,0,No
4.1.0,hedwig-server/src/main/java/org/apache/hedwig/server/netty/ServerStats.java,2,1,191,193,96.0,190,191,95.0,190,Yes
4.1.0,hedwig-server/src/main/java/org/apache/hedwig/server/netty/UmbrellaHandler.java,1,1,160,1,1.0,1,1,1.0,1,No
4.1.0,hedwig-server/src/main/java/org/apache/hedwig/server/persistence/BookkeeperPersistenceManager.java,3,1,906,207,69.0,165,169,56.0,131,Yes
4.1.0,hedwig-server/src/main/java/org/apache/hedwig/server/persistence/CacheKey.java,0,0,74,0,0.0,0,0,0.0,0,No
4.1.0,hedwig-server/src/main/java/org/apache/hedwig/server/persistence/CacheValue.java,0,0,94,0,0.0,0,0,0.0,0,No
4.1.0,hedwig-server/src/main/java/org/apache/hedwig/server/persistence/Factory.java,0,0,22,0,0.0,0,0,0.0,0,No
4.1.0,hedwig-server/src/main/java/org/apache/hedwig/server/persistence/LocalDBPersistenceManager.java,2,1,481,62,31.0,50,54,27.0,42,No
4.1.0,hedwig-server/src/main/java/org/apache/hedwig/server/persistence/MapMethods.java,0,0,62,0,0.0,0,0,0.0,0,No
4.1.0,hedwig-server/src/main/java/org/apache/hedwig/server/persistence/PersistRequest.java,0,0,58,0,0.0,0,0,0.0,0,No
4.1.0,hedwig-server/src/main/java/org/apache/hedwig/server/persistence/PersistenceManager.java,1,1,94,3,3.0,3,3,3.0,3,No
4.1.0,hedwig-server/src/main/java/org/apache/hedwig/server/persistence/PersistenceManagerWithRangeScan.java,0,0,27,0,0.0,0,0,0.0,0,No
4.1.0,hedwig-server/src/main/java/org/apache/hedwig/server/persistence/RangeScanRequest.java,0,0,77,0,0.0,0,0,0.0,0,No
4.1.0,hedwig-server/src/main/java/org/apache/hedwig/server/persistence/ReadAheadCache.java,3,1,744,43,14.0,29,40,13.0,28,Yes
4.1.0,hedwig-server/src/main/java/org/apache/hedwig/server/persistence/ReadAheadCacheBean.java,1,1,64,64,64.0,64,64,64.0,64,Yes
4.1.0,hedwig-server/src/main/java/org/apache/hedwig/server/persistence/ReadAheadCacheMXBean.java,1,1,45,45,45.0,45,45,45.0,45,No
4.1.0,hedwig-server/src/main/java/org/apache/hedwig/server/persistence/ScanCallback.java,0,0,63,0,0.0,0,0,0.0,0,No
4.1.0,hedwig-server/src/main/java/org/apache/hedwig/server/persistence/ScanCallbackWithContext.java,0,0,37,0,0.0,0,0,0.0,0,No
4.1.0,hedwig-server/src/main/java/org/apache/hedwig/server/persistence/ScanRequest.java,0,0,64,0,0.0,0,0,0.0,0,No
4.1.0,hedwig-server/src/main/java/org/apache/hedwig/server/proxy/ChannelTracker.java,0,0,124,0,0.0,0,0,0.0,0,No
4.1.0,hedwig-server/src/main/java/org/apache/hedwig/server/proxy/HedwigProxy.java,2,1,172,21,10.0,11,12,6.0,10,No
4.1.0,hedwig-server/src/main/java/org/apache/hedwig/server/proxy/ProxyConfiguration.java,1,1,36,2,2.0,2,0,0.0,0,No
4.1.0,hedwig-server/src/main/java/org/apache/hedwig/server/proxy/ProxyConsumeHandler.java,0,0,58,0,0.0,0,0,0.0,0,No
4.1.0,hedwig-server/src/main/java/org/apache/hedwig/server/proxy/ProxyPublishHander.java,0,0,62,0,0.0,0,0,0.0,0,No
4.1.0,hedwig-server/src/main/java/org/apache/hedwig/server/proxy/ProxyStartDeliveryHandler.java,1,1,132,4,4.0,4,2,2.0,2,No
4.1.0,hedwig-server/src/main/java/org/apache/hedwig/server/proxy/ProxyStopDeliveryHandler.java,1,1,74,1,1.0,1,0,0.0,0,No
4.1.0,hedwig-server/src/main/java/org/apache/hedwig/server/proxy/ProxySubscribeHandler.java,0,0,83,0,0.0,0,0,0.0,0,No
4.1.0,hedwig-server/src/main/java/org/apache/hedwig/server/proxy/ProxyUnsubscribeHandler.java,0,0,74,0,0.0,0,0,0.0,0,No
4.1.0,hedwig-server/src/main/java/org/apache/hedwig/server/regions/HedwigHubClient.java,0,0,48,0,0.0,0,0,0.0,0,No
4.1.0,hedwig-server/src/main/java/org/apache/hedwig/server/regions/HedwigHubClientFactory.java,0,0,60,0,0.0,0,0,0.0,0,No
4.1.0,hedwig-server/src/main/java/org/apache/hedwig/server/regions/HedwigHubSubscriber.java,1,1,86,18,18.0,18,16,16.0,16,No
4.1.0,hedwig-server/src/main/java/org/apache/hedwig/server/regions/RegionManager.java,3,1,355,253,84.0,241,186,62.0,174,No
4.1.0,hedwig-server/src/main/java/org/apache/hedwig/server/ssl/SslServerContextFactory.java,0,0,53,0,0.0,0,0,0.0,0,No
4.1.0,hedwig-server/src/main/java/org/apache/hedwig/server/subscriptions/AbstractSubscriptionManager.java,4,1,612,185,46.0,98,160,40.0,92,Yes
4.1.0,hedwig-server/src/main/java/org/apache/hedwig/server/subscriptions/AllToAllTopologyFilter.java,0,0,39,0,0.0,0,0,0.0,0,No
4.1.0,hedwig-server/src/main/java/org/apache/hedwig/server/subscriptions/InMemorySubscriptionManager.java,0,0,78,0,0.0,0,0,0.0,0,Yes
4.1.0,hedwig-server/src/main/java/org/apache/hedwig/server/subscriptions/InMemorySubscriptionState.java,1,1,85,24,24.0,24,21,21.0,21,Yes
4.1.0,hedwig-server/src/main/java/org/apache/hedwig/server/subscriptions/MessageFilter.java,0,0,31,0,0.0,0,0,0.0,0,No
4.1.0,hedwig-server/src/main/java/org/apache/hedwig/server/subscriptions/SubscriptionEventListener.java,0,0,57,0,0.0,0,0,0.0,0,No
4.1.0,hedwig-server/src/main/java/org/apache/hedwig/server/subscriptions/SubscriptionManager.java,1,1,108,4,4.0,4,4,4.0,4,No
4.1.0,hedwig-server/src/main/java/org/apache/hedwig/server/subscriptions/TrueFilter.java,1,1,32,1,1.0,1,0,0.0,0,No
4.1.0,hedwig-server/src/main/java/org/apache/hedwig/server/subscriptions/ZkSubscriptionManager.java,0,0,227,0,0.0,0,0,0.0,0,No
4.1.0,hedwig-server/src/main/java/org/apache/hedwig/server/topics/AbstractTopicManager.java,1,1,201,4,4.0,4,4,4.0,4,No
4.1.0,hedwig-server/src/main/java/org/apache/hedwig/server/topics/TopicManager.java,1,1,80,5,5.0,5,5,5.0,5,No
4.1.0,hedwig-server/src/main/java/org/apache/hedwig/server/topics/TopicOwnershipChangeListener.java,0,0,28,0,0.0,0,0,0.0,0,No
4.1.0,hedwig-server/src/main/java/org/apache/hedwig/server/topics/TrivialOwnAllTopicManager.java,1,1,57,5,5.0,5,5,5.0,5,No
4.1.0,hedwig-server/src/main/java/org/apache/hedwig/server/topics/ZkTopicManager.java,2,1,446,18,9.0,17,17,8.0,17,No
4.1.0,hedwig-server/src/main/java/org/apache/hedwig/zookeeper/SafeAsynBKCallback.java,0,0,104,0,0.0,0,0,0.0,0,No
4.1.0,hedwig-server/src/main/java/org/apache/hedwig/zookeeper/SafeAsyncCallback.java,1,1,35,1,1.0,1,0,0.0,0,No
4.1.0,hedwig-server/src/main/java/org/apache/hedwig/zookeeper/SafeAsyncZKCallback.java,0,0,98,0,0.0,0,0,0.0,0,No
4.1.0,hedwig-server/src/main/java/org/apache/hedwig/zookeeper/ZkUtils.java,0,0,79,0,0.0,0,0,0.0,0,No
4.2.0,bookkeeper-benchmark/src/main/java/org/apache/bookkeeper/benchmark/BenchBookie.java,0,0,215,0,0.0,0,0,0.0,0,No
4.2.0,bookkeeper-benchmark/src/main/java/org/apache/bookkeeper/benchmark/BenchReadThroughputLatency.java,0,0,271,0,0.0,0,0,0.0,0,No
4.2.0,bookkeeper-benchmark/src/main/java/org/apache/bookkeeper/benchmark/BenchThroughputLatency.java,1,1,458,14,14.0,14,7,7.0,7,No
4.2.0,bookkeeper-benchmark/src/main/java/org/apache/bookkeeper/benchmark/MySqlClient.java,0,0,137,0,0.0,0,0,0.0,0,No
4.2.0,bookkeeper-benchmark/src/main/java/org/apache/bookkeeper/benchmark/TestClient.java,1,1,357,15,15.0,15,11,11.0,11,No
4.2.0,bookkeeper-server/src/main/java/org/apache/bookkeeper/bookie/Bookie.java,17,3,1242,635,37.0,175,510,30.0,153,No
4.2.0,bookkeeper-server/src/main/java/org/apache/bookkeeper/bookie/BookieBean.java,0,0,51,0,0.0,0,0,0.0,0,No
4.2.0,bookkeeper-server/src/main/java/org/apache/bookkeeper/bookie/BookieException.java,1,1,154,5,5.0,5,4,4.0,4,No
4.2.0,bookkeeper-server/src/main/java/org/apache/bookkeeper/bookie/BookieMXBean.java,0,0,31,0,0.0,0,0,0.0,0,No
4.2.0,bookkeeper-server/src/main/java/org/apache/bookkeeper/bookie/BookieShell.java,5,3,928,945,189.0,684,938,187.0,684,No
4.2.0,bookkeeper-server/src/main/java/org/apache/bookkeeper/bookie/BufferedChannel.java,0,0,180,0,0.0,0,0,0.0,0,No
4.2.0,bookkeeper-server/src/main/java/org/apache/bookkeeper/bookie/Cookie.java,3,2,260,101,33.0,88,64,21.0,61,No
4.2.0,bookkeeper-server/src/main/java/org/apache/bookkeeper/bookie/EntryLogger.java,6,3,551,123,20.0,62,78,13.0,43,No
4.2.0,bookkeeper-server/src/main/java/org/apache/bookkeeper/bookie/ExitCode.java,0,0,40,0,0.0,0,0,0.0,0,No
4.2.0,bookkeeper-server/src/main/java/org/apache/bookkeeper/bookie/FileInfo.java,3,1,361,109,36.0,63,106,35.0,62,No
4.2.0,bookkeeper-server/src/main/java/org/apache/bookkeeper/bookie/FileSystemUpgrade.java,2,2,388,18,9.0,11,9,4.0,6,No
4.2.0,bookkeeper-server/src/main/java/org/apache/bookkeeper/bookie/GarbageCollector.java,1,1,51,51,51.0,51,51,51.0,51,No
4.2.0,bookkeeper-server/src/main/java/org/apache/bookkeeper/bookie/GarbageCollectorThread.java,7,3,577,122,17.0,67,76,10.0,59,No
4.2.0,bookkeeper-server/src/main/java/org/apache/bookkeeper/bookie/HandleFactory.java,0,0,32,0,0.0,0,0,0.0,0,No
4.2.0,bookkeeper-server/src/main/java/org/apache/bookkeeper/bookie/HandleFactoryImpl.java,0,0,66,0,0.0,0,0,0.0,0,No
4.2.0,bookkeeper-server/src/main/java/org/apache/bookkeeper/bookie/InterleavedLedgerStorage.java,8,2,188,41,5.0,13,37,4.0,18,No
4.2.0,bookkeeper-server/src/main/java/org/apache/bookkeeper/bookie/Journal.java,6,3,582,30,5.0,10,18,3.0,7,No
4.2.0,bookkeeper-server/src/main/java/org/apache/bookkeeper/bookie/JournalChannel.java,1,1,158,2,2.0,2,0,0.0,0,No
4.2.0,bookkeeper-server/src/main/java/org/apache/bookkeeper/bookie/LedgerCache.java,1,1,50,4,4.0,4,4,4.0,4,No
4.2.0,bookkeeper-server/src/main/java/org/apache/bookkeeper/bookie/LedgerCacheBean.java,0,0,27,0,0.0,0,0,0.0,0,No
4.2.0,bookkeeper-server/src/main/java/org/apache/bookkeeper/bookie/LedgerCacheImpl.java,9,2,928,207,23.0,93,150,16.0,72,No
4.2.0,bookkeeper-server/src/main/java/org/apache/bookkeeper/bookie/LedgerCacheMXBean.java,0,0,60,0,0.0,0,0,0.0,0,No
4.2.0,bookkeeper-server/src/main/java/org/apache/bookkeeper/bookie/LedgerDescriptor.java,1,1,62,2,2.0,2,0,0.0,0,No
4.2.0,bookkeeper-server/src/main/java/org/apache/bookkeeper/bookie/LedgerDescriptorImpl.java,1,1,87,4,4.0,4,1,1.0,1,No
4.2.0,bookkeeper-server/src/main/java/org/apache/bookkeeper/bookie/LedgerDescriptorReadOnlyImpl.java,1,1,52,1,1.0,1,0,0.0,0,No
4.2.0,bookkeeper-server/src/main/java/org/apache/bookkeeper/bookie/LedgerDirsManager.java,3,2,268,270,90.0,240,268,89.0,240,No
4.2.0,bookkeeper-server/src/main/java/org/apache/bookkeeper/bookie/LedgerEntryPage.java,0,0,163,0,0.0,0,0,0.0,0,No
4.2.0,bookkeeper-server/src/main/java/org/apache/bookkeeper/bookie/LedgerStorage.java,1,1,109,19,19.0,19,18,18.0,18,No
4.2.0,bookkeeper-server/src/main/java/org/apache/bookkeeper/bookie/MarkerFileChannel.java,0,0,147,0,0.0,0,0,0.0,0,No
4.2.0,bookkeeper-server/src/main/java/org/apache/bookkeeper/bookie/ReadOnlyEntryLogger.java,2,1,58,59,29.0,58,58,29.0,58,No
4.2.0,bookkeeper-server/src/main/java/org/apache/bookkeeper/bookie/ReadOnlyFileInfo.java,1,1,44,44,44.0,44,44,44.0,44,No
4.2.0,bookkeeper-server/src/main/java/org/apache/bookkeeper/bookie/ScanAndCompareGarbageCollector.java,1,1,108,108,108.0,108,108,108.0,108,No
4.2.0,bookkeeper-server/src/main/java/org/apache/bookkeeper/client/AsyncCallback.java,0,0,139,0,0.0,0,0,0.0,0,No
4.2.0,bookkeeper-server/src/main/java/org/apache/bookkeeper/client/BKException.java,4,1,326,44,11.0,11,44,11.0,11,No
4.2.0,bookkeeper-server/src/main/java/org/apache/bookkeeper/client/BookKeeper.java,10,3,648,121,12.0,73,104,10.0,66,No
4.2.0,bookkeeper-server/src/main/java/org/apache/bookkeeper/client/BookKeeperAdmin.java,13,3,778,319,24.0,101,330,25.0,145,No
4.2.0,bookkeeper-server/src/main/java/org/apache/bookkeeper/client/BookieWatcher.java,3,2,314,122,40.0,111,102,34.0,99,No
4.2.0,bookkeeper-server/src/main/java/org/apache/bookkeeper/client/CRC32DigestManager.java,0,0,55,0,0.0,0,0,0.0,0,No
4.2.0,bookkeeper-server/src/main/java/org/apache/bookkeeper/client/DigestManager.java,1,1,191,7,7.0,7,7,7.0,7,No
4.2.0,bookkeeper-server/src/main/java/org/apache/bookkeeper/client/DistributionSchedule.java,2,1,90,38,19.0,25,25,12.0,14,No
4.2.0,bookkeeper-server/src/main/java/org/apache/bookkeeper/client/LedgerChecker.java,4,1,273,285,71.0,274,281,70.0,274,No
4.2.0,bookkeeper-server/src/main/java/org/apache/bookkeeper/client/LedgerCreateOp.java,4,2,137,16,4.0,9,19,4.0,15,No
4.2.0,bookkeeper-server/src/main/java/org/apache/bookkeeper/client/LedgerDeleteOp.java,3,2,79,13,4.0,6,6,2.0,4,No
4.2.0,bookkeeper-server/src/main/java/org/apache/bookkeeper/client/LedgerEntry.java,1,1,82,0,0.0,0,2,2.0,2,No
4.2.0,bookkeeper-server/src/main/java/org/apache/bookkeeper/client/LedgerFragment.java,5,2,147,168,33.0,112,147,29.0,112,No
4.2.0,bookkeeper-server/src/main/java/org/apache/bookkeeper/client/LedgerFragmentReplicator.java,4,1,422,517,129.0,298,422,105.0,298,No
4.2.0,bookkeeper-server/src/main/java/org/apache/bookkeeper/client/LedgerHandle.java,12,3,978,338,28.0,164,185,15.0,91,No
4.2.0,bookkeeper-server/src/main/java/org/apache/bookkeeper/client/LedgerMetadata.java,9,3,467,273,30.0,154,181,20.0,102,No
4.2.0,bookkeeper-server/src/main/java/org/apache/bookkeeper/client/LedgerOpenOp.java,3,2,189,56,18.0,42,60,20.0,38,No
4.2.0,bookkeeper-server/src/main/java/org/apache/bookkeeper/client/LedgerRecoveryOp.java,2,2,153,2,1.0,1,0,0.0,0,No
4.2.0,bookkeeper-server/src/main/java/org/apache/bookkeeper/client/MacDigestManager.java,0,0,84,0,0.0,0,0,0.0,0,No
4.2.0,bookkeeper-server/src/main/java/org/apache/bookkeeper/client/PendingAddOp.java,5,3,182,60,12.0,42,55,11.0,34,No
4.2.0,bookkeeper-server/src/main/java/org/apache/bookkeeper/client/PendingReadOp.java,12,3,358,438,36.0,139,425,35.0,122,No
4.2.0,bookkeeper-server/src/main/java/org/apache/bookkeeper/client/ReadLastConfirmedOp.java,3,2,126,9,3.0,4,1,0.0,1,No
4.2.0,bookkeeper-server/src/main/java/org/apache/bookkeeper/client/ReadOnlyLedgerHandle.java,2,1,106,31,15.0,28,27,13.0,27,No
4.2.0,bookkeeper-server/src/main/java/org/apache/bookkeeper/client/RoundRobinDistributionSchedule.java,2,1,109,36,18.0,30,19,9.0,15,No
4.2.0,bookkeeper-server/src/main/java/org/apache/bookkeeper/client/SyncCounter.java,0,0,85,0,0.0,0,0,0.0,0,No
4.2.0,bookkeeper-server/src/main/java/org/apache/bookkeeper/conf/AbstractConfiguration.java,5,2,236,127,25.0,54,129,25.0,54,No
4.2.0,bookkeeper-server/src/main/java/org/apache/bookkeeper/conf/ClientConfiguration.java,4,1,314,74,18.0,36,110,27.0,36,No
4.2.0,bookkeeper-server/src/main/java/org/apache/bookkeeper/conf/ServerConfiguration.java,6,3,694,153,25.0,50,145,24.0,50,No
4.2.0,bookkeeper-server/src/main/java/org/apache/bookkeeper/jmx/BKMBeanInfo.java,0,0,27,0,0.0,0,0,0.0,0,No
4.2.0,bookkeeper-server/src/main/java/org/apache/bookkeeper/jmx/BKMBeanRegistry.java,1,1,89,3,3.0,3,1,1.0,1,No
4.2.0,bookkeeper-server/src/main/java/org/apache/bookkeeper/meta/AbstractZkLedgerManager.java,7,3,301,203,29.0,129,234,33.0,123,No
4.2.0,bookkeeper-server/src/main/java/org/apache/bookkeeper/meta/FlatLedgerManager.java,5,3,153,49,9.0,25,34,6.0,19,No
4.2.0,bookkeeper-server/src/main/java/org/apache/bookkeeper/meta/FlatLedgerManagerFactory.java,4,2,92,97,24.0,72,102,25.0,72,No
4.2.0,bookkeeper-server/src/main/java/org/apache/bookkeeper/meta/HierarchicalLedgerManager.java,5,3,466,128,25.0,102,53,10.0,30,No
4.2.0,bookkeeper-server/src/main/java/org/apache/bookkeeper/meta/HierarchicalLedgerManagerFactory.java,4,2,93,98,24.0,72,103,25.0,72,No
4.2.0,bookkeeper-server/src/main/java/org/apache/bookkeeper/meta/LedgerLayout.java,5,3,244,78,15.0,53,57,11.0,35,No
4.2.0,bookkeeper-server/src/main/java/org/apache/bookkeeper/meta/LedgerManager.java,2,2,192,135,67.0,96,135,67.0,90,No
4.2.0,bookkeeper-server/src/main/java/org/apache/bookkeeper/meta/LedgerManagerFactory.java,4,2,250,236,59.0,145,168,42.0,109,No
4.2.0,bookkeeper-server/src/main/java/org/apache/bookkeeper/meta/LedgerUnderreplicationManager.java,3,1,109,109,36.0,64,109,36.0,64,No
4.2.0,bookkeeper-server/src/main/java/org/apache/bookkeeper/meta/MSLedgerManagerFactory.java,2,2,601,752,376.0,691,781,390.0,691,No
4.2.0,bookkeeper-server/src/main/java/org/apache/bookkeeper/meta/ZkLedgerUnderreplicationManager.java,13,3,565,627,48.0,394,567,43.0,394,No
4.2.0,bookkeeper-server/src/main/java/org/apache/bookkeeper/meta/ZkVersion.java,2,1,69,72,36.0,65,69,34.0,65,No
4.2.0,bookkeeper-server/src/main/java/org/apache/bookkeeper/metastore/InMemoryMetaStore.java,1,1,77,77,77.0,77,77,77.0,77,No
4.2.0,bookkeeper-server/src/main/java/org/apache/bookkeeper/metastore/InMemoryMetastoreCursor.java,1,1,94,94,94.0,94,94,94.0,94,No
4.2.0,bookkeeper-server/src/main/java/org/apache/bookkeeper/metastore/InMemoryMetastoreTable.java,1,1,337,337,337.0,337,337,337.0,337,No
4.2.0,bookkeeper-server/src/main/java/org/apache/bookkeeper/metastore/MSException.java,1,1,214,214,214.0,214,214,214.0,214,No
4.2.0,bookkeeper-server/src/main/java/org/apache/bookkeeper/metastore/MetaStore.java,1,1,79,79,79.0,79,79,79.0,79,No
4.2.0,bookkeeper-server/src/main/java/org/apache/bookkeeper/metastore/MetastoreCallback.java,1,1,25,25,25.0,25,25,25.0,25,No
4.2.0,bookkeeper-server/src/main/java/org/apache/bookkeeper/metastore/MetastoreCursor.java,1,1,84,84,84.0,84,84,84.0,84,No
4.2.0,bookkeeper-server/src/main/java/org/apache/bookkeeper/metastore/MetastoreException.java,1,1,34,34,34.0,34,34,34.0,34,No
4.2.0,bookkeeper-server/src/main/java/org/apache/bookkeeper/metastore/MetastoreFactory.java,1,1,33,33,33.0,33,33,33.0,33,No
4.2.0,bookkeeper-server/src/main/java/org/apache/bookkeeper/metastore/MetastoreScannableTable.java,1,1,104,104,104.0,104,104,104.0,104,No
4.2.0,bookkeeper-server/src/main/java/org/apache/bookkeeper/metastore/MetastoreTable.java,1,1,172,172,172.0,172,172,172.0,172,No
4.2.0,bookkeeper-server/src/main/java/org/apache/bookkeeper/metastore/MetastoreTableItem.java,1,1,70,70,70.0,70,70,70.0,70,No
4.2.0,bookkeeper-server/src/main/java/org/apache/bookkeeper/metastore/MetastoreUtils.java,1,1,140,140,140.0,140,140,140.0,140,No
4.2.0,bookkeeper-server/src/main/java/org/apache/bookkeeper/metastore/Value.java,1,1,154,154,154.0,154,154,154.0,154,No
4.2.0,bookkeeper-server/src/main/java/org/apache/bookkeeper/proto/BKStats.java,1,1,248,13,13.0,13,12,12.0,12,No
4.2.0,bookkeeper-server/src/main/java/org/apache/bookkeeper/proto/BookieClient.java,2,1,275,62,31.0,41,48,24.0,34,No
4.2.0,bookkeeper-server/src/main/java/org/apache/bookkeeper/proto/BookieProtocol.java,1,1,176,4,4.0,4,4,4.0,4,No
4.2.0,bookkeeper-server/src/main/java/org/apache/bookkeeper/proto/BookieServer.java,10,3,624,141,14.0,49,121,12.0,46,No
4.2.0,bookkeeper-server/src/main/java/org/apache/bookkeeper/proto/BookieServerBean.java,1,1,91,3,3.0,3,1,1.0,1,No
4.2.0,bookkeeper-server/src/main/java/org/apache/bookkeeper/proto/BookieServerMXBean.java,0,0,58,0,0.0,0,0,0.0,0,No
4.2.0,bookkeeper-server/src/main/java/org/apache/bookkeeper/proto/BookkeeperInternalCallbacks.java,1,1,132,1,1.0,1,0,0.0,0,No
4.2.0,bookkeeper-server/src/main/java/org/apache/bookkeeper/proto/DataFormats.java,7,2,4088,4114,587.0,1493,4088,584.0,1493,No
4.2.0,bookkeeper-server/src/main/java/org/apache/bookkeeper/proto/NIOServerFactory.java,2,2,558,33,16.0,31,33,16.0,31,No
4.2.0,bookkeeper-server/src/main/java/org/apache/bookkeeper/proto/PerChannelBookieClient.java,7,3,727,89,12.0,43,49,7.0,30,No
4.2.0,bookkeeper-server/src/main/java/org/apache/bookkeeper/proto/ServerStats.java,1,1,150,4,4.0,4,2,2.0,2,No
4.2.0,bookkeeper-server/src/main/java/org/apache/bookkeeper/replication/Auditor.java,4,1,503,577,144.0,234,503,125.0,234,No
4.2.0,bookkeeper-server/src/main/java/org/apache/bookkeeper/replication/AuditorElector.java,6,2,325,415,69.0,269,325,54.0,269,No
4.2.0,bookkeeper-server/src/main/java/org/apache/bookkeeper/replication/AutoRecoveryMain.java,6,2,273,293,48.0,267,287,47.0,267,No
4.2.0,bookkeeper-server/src/main/java/org/apache/bookkeeper/replication/BookieLedgerIndexer.java,3,2,136,142,47.0,139,142,47.0,139,No
4.2.0,bookkeeper-server/src/main/java/org/apache/bookkeeper/replication/ReplicationEnableCb.java,1,1,56,56,56.0,56,56,56.0,56,No
4.2.0,bookkeeper-server/src/main/java/org/apache/bookkeeper/replication/ReplicationException.java,3,2,74,81,27.0,63,74,24.0,63,No
4.2.0,bookkeeper-server/src/main/java/org/apache/bookkeeper/replication/ReplicationWorker.java,8,1,357,466,58.0,289,359,44.0,289,No
4.2.0,bookkeeper-server/src/main/java/org/apache/bookkeeper/streaming/LedgerInputStream.java,0,0,174,0,0.0,0,0,0.0,0,No
4.2.0,bookkeeper-server/src/main/java/org/apache/bookkeeper/streaming/LedgerOutputStream.java,0,0,148,0,0.0,0,0,0.0,0,No
4.2.0,bookkeeper-server/src/main/java/org/apache/bookkeeper/tools/BookKeeperTools.java,0,0,92,0,0.0,0,0,0.0,0,No
4.2.0,bookkeeper-server/src/main/java/org/apache/bookkeeper/util/BookKeeperConstants.java,2,1,45,46,23.0,45,45,22.0,45,No
4.2.0,bookkeeper-server/src/main/java/org/apache/bookkeeper/util/DiskChecker.java,2,2,168,171,85.0,166,168,84.0,166,No
4.2.0,bookkeeper-server/src/main/java/org/apache/bookkeeper/util/EntryFormatter.java,1,1,77,77,77.0,77,77,77.0,77,No
4.2.0,bookkeeper-server/src/main/java/org/apache/bookkeeper/util/HardLink.java,0,0,665,0,0.0,0,0,0.0,0,No
4.2.0,bookkeeper-server/src/main/java/org/apache/bookkeeper/util/IOUtils.java,1,1,88,33,33.0,33,33,33.0,33,No
4.2.0,bookkeeper-server/src/main/java/org/apache/bookkeeper/util/LocalBookKeeper.java,3,3,260,13,4.0,9,6,2.0,5,No
4.2.0,bookkeeper-server/src/main/java/org/apache/bookkeeper/util/Main.java,0,0,54,0,0.0,0,0,0.0,0,No
4.2.0,bookkeeper-server/src/main/java/org/apache/bookkeeper/util/MathUtils.java,1,1,48,15,15.0,15,10,10.0,10,No
4.2.0,bookkeeper-server/src/main/java/org/apache/bookkeeper/util/OrderedSafeExecutor.java,2,2,140,42,21.0,33,42,21.0,33,No
4.2.0,bookkeeper-server/src/main/java/org/apache/bookkeeper/util/ReflectionUtils.java,2,1,152,152,76.0,129,152,76.0,129,No
4.2.0,bookkeeper-server/src/main/java/org/apache/bookkeeper/util/SafeRunnable.java,0,0,39,0,0.0,0,0,0.0,0,No
4.2.0,bookkeeper-server/src/main/java/org/apache/bookkeeper/util/SnapshotMap.java,1,1,131,131,131.0,131,131,131.0,131,No
4.2.0,bookkeeper-server/src/main/java/org/apache/bookkeeper/util/StringEntryFormatter.java,1,1,47,47,47.0,47,47,47.0,47,No
4.2.0,bookkeeper-server/src/main/java/org/apache/bookkeeper/util/StringUtils.java,2,2,129,64,32.0,60,60,30.0,58,No
4.2.0,bookkeeper-server/src/main/java/org/apache/bookkeeper/util/Tool.java,1,1,43,43,43.0,43,43,43.0,43,No
4.2.0,bookkeeper-server/src/main/java/org/apache/bookkeeper/util/ZkUtils.java,4,2,243,182,45.0,90,193,48.0,88,No
4.2.0,bookkeeper-server/src/main/java/org/apache/bookkeeper/versioning/Version.java,2,1,62,63,31.0,32,62,31.0,32,No
4.2.0,bookkeeper-server/src/main/java/org/apache/bookkeeper/versioning/Versioned.java,1,1,45,45,45.0,45,45,45.0,45,No
4.2.0,bookkeeper-server/src/main/java/org/apache/bookkeeper/zookeeper/ZooKeeperWatcherBase.java,1,1,94,94,94.0,94,94,94.0,94,No
4.2.0,hedwig-client/src/main/java/org/apache/hedwig/client/HedwigClient.java,0,0,72,0,0.0,0,0,0.0,0,No
4.2.0,hedwig-client/src/main/java/org/apache/hedwig/client/api/Client.java,0,0,42,0,0.0,0,0,0.0,0,No
4.2.0,hedwig-client/src/main/java/org/apache/hedwig/client/api/MessageHandler.java,0,0,48,0,0.0,0,0,0.0,0,No
4.2.0,hedwig-client/src/main/java/org/apache/hedwig/client/api/Publisher.java,2,1,89,28,14.0,26,26,13.0,25,No
4.2.0,hedwig-client/src/main/java/org/apache/hedwig/client/api/Subscriber.java,3,2,380,63,21.0,35,62,20.0,34,No
4.2.0,hedwig-client/src/main/java/org/apache/hedwig/client/benchmark/BenchmarkPublisher.java,1,1,138,4,4.0,4,2,2.0,2,No
4.2.0,hedwig-client/src/main/java/org/apache/hedwig/client/benchmark/BenchmarkSubscriber.java,2,1,142,5,2.0,3,3,1.0,2,No
4.2.0,hedwig-client/src/main/java/org/apache/hedwig/client/benchmark/BenchmarkUtils.java,1,1,191,5,5.0,5,1,1.0,1,No
4.2.0,hedwig-client/src/main/java/org/apache/hedwig/client/benchmark/BenchmarkWorker.java,0,0,46,0,0.0,0,0,0.0,0,No
4.2.0,hedwig-client/src/main/java/org/apache/hedwig/client/benchmark/HedwigBenchmark.java,0,0,165,0,0.0,0,0,0.0,0,No
4.2.0,hedwig-client/src/main/java/org/apache/hedwig/client/conf/ClientConfiguration.java,2,1,171,12,6.0,9,9,4.0,9,No
4.2.0,hedwig-client/src/main/java/org/apache/hedwig/client/data/MessageConsumeData.java,1,1,56,10,10.0,10,2,2.0,2,No
4.2.0,hedwig-client/src/main/java/org/apache/hedwig/client/data/PubSubData.java,3,2,179,35,11.0,20,31,10.0,18,No
4.2.0,hedwig-client/src/main/java/org/apache/hedwig/client/data/TopicSubscriber.java,0,0,74,0,0.0,0,0,0.0,0,No
4.2.0,hedwig-client/src/main/java/org/apache/hedwig/client/exceptions/AlreadyStartDeliveryException.java,0,0,36,0,0.0,0,0,0.0,0,No
4.2.0,hedwig-client/src/main/java/org/apache/hedwig/client/exceptions/InvalidSubscriberIdException.java,0,0,37,0,0.0,0,0,0.0,0,No
4.2.0,hedwig-client/src/main/java/org/apache/hedwig/client/exceptions/NoResponseHandlerException.java,1,1,34,34,34.0,34,34,34.0,34,No
4.2.0,hedwig-client/src/main/java/org/apache/hedwig/client/exceptions/ResubscribeException.java,1,1,34,34,34.0,34,34,34.0,34,No
4.2.0,hedwig-client/src/main/java/org/apache/hedwig/client/exceptions/ServerRedirectLoopException.java,0,0,38,0,0.0,0,0,0.0,0,No
4.2.0,hedwig-client/src/main/java/org/apache/hedwig/client/exceptions/TooManyServerRedirectsException.java,0,0,39,0,0.0,0,0,0.0,0,No
4.2.0,hedwig-client/src/main/java/org/apache/hedwig/client/handlers/AbstractResponseHandler.java,1,1,156,156,156.0,156,156,156.0,156,No
4.2.0,hedwig-client/src/main/java/org/apache/hedwig/client/handlers/CloseSubscriptionResponseHandler.java,1,1,84,84,84.0,84,84,84.0,84,No
4.2.0,hedwig-client/src/main/java/org/apache/hedwig/client/handlers/MessageConsumeCallback.java,3,2,117,75,25.0,41,33,11.0,27,No
4.2.0,hedwig-client/src/main/java/org/apache/hedwig/client/handlers/PubSubCallback.java,2,1,94,13,6.0,11,10,5.0,8,No
4.2.0,hedwig-client/src/main/java/org/apache/hedwig/client/handlers/PublishResponseHandler.java,2,2,71,18,9.0,11,6,3.0,3,No
4.2.0,hedwig-client/src/main/java/org/apache/hedwig/client/handlers/SubscribeResponseHandler.java,7,2,183,163,23.0,97,253,36.0,200,No
4.2.0,hedwig-client/src/main/java/org/apache/hedwig/client/handlers/UnsubscribeResponseHandler.java,2,2,85,26,13.0,17,3,1.0,2,No
4.2.0,hedwig-client/src/main/java/org/apache/hedwig/client/netty/CleanupChannelMap.java,2,1,183,183,91.0,139,183,91.0,139,No
4.2.0,hedwig-client/src/main/java/org/apache/hedwig/client/netty/FilterableMessageHandler.java,2,1,70,71,35.0,70,70,35.0,70,No
4.2.0,hedwig-client/src/main/java/org/apache/hedwig/client/netty/HChannel.java,1,1,54,54,54.0,54,54,54.0,54,No
4.2.0,hedwig-client/src/main/java/org/apache/hedwig/client/netty/HChannelManager.java,1,1,160,160,160.0,160,160,160.0,160,No
4.2.0,hedwig-client/src/main/java/org/apache/hedwig/client/netty/HedwigClientImpl.java,9,2,125,105,11.0,29,360,40.0,296,No
4.2.0,hedwig-client/src/main/java/org/apache/hedwig/client/netty/HedwigPublisher.java,6,2,151,119,19.0,45,211,35.0,150,No
4.2.0,hedwig-client/src/main/java/org/apache/hedwig/client/netty/HedwigSubscriber.java,9,2,421,273,30.0,73,571,63.0,416,No
4.2.0,hedwig-client/src/main/java/org/apache/hedwig/client/netty/NetUtils.java,4,2,219,222,55.0,198,219,54.0,198,No
4.2.0,hedwig-client/src/main/java/org/apache/hedwig/client/netty/SubscriptionEventEmitter.java,1,1,50,50,50.0,50,50,50.0,50,No
4.2.0,hedwig-client/src/main/java/org/apache/hedwig/client/netty/VoidCallbackAdapter.java,2,2,42,42,21.0,25,42,21.0,25,No
4.2.0,hedwig-client/src/main/java/org/apache/hedwig/client/netty/impl/AbstractHChannelManager.java,2,1,624,624,312.0,621,624,312.0,621,No
4.2.0,hedwig-client/src/main/java/org/apache/hedwig/client/netty/impl/AbstractSubscribeResponseHandler.java,3,1,377,402,134.0,363,377,125.0,363,No
4.2.0,hedwig-client/src/main/java/org/apache/hedwig/client/netty/impl/ActiveSubscriber.java,2,1,383,384,192.0,378,383,191.0,378,No
4.2.0,hedwig-client/src/main/java/org/apache/hedwig/client/netty/impl/ClientChannelPipelineFactory.java,1,1,72,72,72.0,72,72,72.0,72,No
4.2.0,hedwig-client/src/main/java/org/apache/hedwig/client/netty/impl/DefaultServerChannel.java,1,1,92,92,92.0,92,92,92.0,92,No
4.2.0,hedwig-client/src/main/java/org/apache/hedwig/client/netty/impl/HChannelHandler.java,2,1,284,284,142.0,261,284,142.0,261,No
4.2.0,hedwig-client/src/main/java/org/apache/hedwig/client/netty/impl/HChannelImpl.java,1,1,371,371,371.0,371,371,371.0,371,No
4.2.0,hedwig-client/src/main/java/org/apache/hedwig/client/netty/impl/NonSubscriptionChannelPipelineFactory.java,1,1,47,47,47.0,47,47,47.0,47,No
4.2.0,hedwig-client/src/main/java/org/apache/hedwig/client/netty/impl/ResubscribeCallback.java,2,1,108,108,54.0,101,108,54.0,101,No
4.2.0,hedwig-client/src/main/java/org/apache/hedwig/client/netty/impl/WriteCallback.java,1,1,111,111,111.0,111,111,111.0,111,No
4.2.0,hedwig-client/src/main/java/org/apache/hedwig/client/netty/impl/multiplex/MultiplexHChannelManager.java,3,1,319,319,106.0,298,319,106.0,298,No
4.2.0,hedwig-client/src/main/java/org/apache/hedwig/client/netty/impl/multiplex/MultiplexSubscribeResponseHandler.java,3,1,129,653,217.0,622,1153,384.0,622,No
4.2.0,hedwig-client/src/main/java/org/apache/hedwig/client/netty/impl/multiplex/MultiplexSubscriptionChannelPipelineFactory.java,1,1,49,49,49.0,49,49,49.0,49,No
4.2.0,hedwig-client/src/main/java/org/apache/hedwig/client/netty/impl/simple/SimpleHChannelManager.java,4,1,358,364,91.0,308,358,89.0,308,No
4.2.0,hedwig-client/src/main/java/org/apache/hedwig/client/netty/impl/simple/SimpleSubscribeResponseHandler.java,5,1,277,774,154.0,538,863,172.0,538,No
4.2.0,hedwig-client/src/main/java/org/apache/hedwig/client/netty/impl/simple/SimpleSubscriptionChannelPipelineFactory.java,2,1,49,49,24.0,46,49,24.0,46,No
4.2.0,hedwig-client/src/main/java/org/apache/hedwig/client/netty/package-info.java,1,1,89,89,89.0,89,89,89.0,89,No
4.2.0,hedwig-client/src/main/java/org/apache/hedwig/client/ssl/SslClientContextFactory.java,0,0,41,0,0.0,0,0,0.0,0,No
4.2.0,hedwig-client/src/main/java/org/apache/hedwig/client/ssl/SslContextFactory.java,0,0,66,0,0.0,0,0,0.0,0,No
4.2.0,hedwig-client/src/main/java/org/apache/hedwig/conf/AbstractConfiguration.java,0,0,63,0,0.0,0,0,0.0,0,No
4.2.0,hedwig-client/src/main/java/org/apache/hedwig/filter/ClientMessageFilter.java,1,1,24,24,24.0,24,24,24.0,24,No
4.2.0,hedwig-client/src/main/java/org/apache/hedwig/filter/MessageFilterBase.java,1,1,50,50,50.0,50,50,50.0,50,No
4.2.0,hedwig-client/src/main/java/org/apache/hedwig/filter/PipelineFilter.java,2,1,72,81,40.0,72,72,36.0,72,No
4.2.0,hedwig-client/src/main/java/org/apache/hedwig/filter/ServerMessageFilter.java,1,1,47,47,47.0,47,47,47.0,47,No
4.2.0,hedwig-client/src/main/java/org/apache/hedwig/util/Callback.java,0,0,47,0,0.0,0,0,0.0,0,No
4.2.0,hedwig-client/src/main/java/org/apache/hedwig/util/CallbackUtils.java,0,0,183,0,0.0,0,0,0.0,0,No
4.2.0,hedwig-client/src/main/java/org/apache/hedwig/util/ConcurrencyUtils.java,0,0,49,0,0.0,0,0,0.0,0,No
4.2.0,hedwig-client/src/main/java/org/apache/hedwig/util/Either.java,0,0,50,0,0.0,0,0,0.0,0,No
4.2.0,hedwig-client/src/main/java/org/apache/hedwig/util/FileUtils.java,0,0,98,0,0.0,0,0,0.0,0,No
4.2.0,hedwig-client/src/main/java/org/apache/hedwig/util/HedwigSocketAddress.java,0,0,143,0,0.0,0,0,0.0,0,No
4.2.0,hedwig-client/src/main/java/org/apache/hedwig/util/Option.java,0,0,43,0,0.0,0,0,0.0,0,No
4.2.0,hedwig-client/src/main/java/org/apache/hedwig/util/Pair.java,0,0,42,0,0.0,0,0,0.0,0,No
4.2.0,hedwig-client/src/main/java/org/apache/hedwig/util/PathUtils.java,0,0,56,0,0.0,0,0,0.0,0,No
4.2.0,hedwig-client/src/main/java/org/apache/hedwig/util/SubscriptionListener.java,1,1,44,44,44.0,44,44,44.0,44,No
4.2.0,hedwig-client/src/main/java/org/apache/hedwig/util/VarArgs.java,1,1,26,26,26.0,26,26,26.0,26,No
4.2.0,hedwig-protocol/src/main/java/org/apache/hedwig/exceptions/PubSubException.java,6,2,254,105,17.0,42,92,15.0,42,No
4.2.0,hedwig-protocol/src/main/java/org/apache/hedwig/protocol/PubSubProtocol.java,14,2,16883,12633,902.0,4082,10362,740.0,2691,No
4.2.0,hedwig-protocol/src/main/java/org/apache/hedwig/protoextensions/MapUtils.java,1,1,74,74,74.0,74,74,74.0,74,No
4.2.0,hedwig-protocol/src/main/java/org/apache/hedwig/protoextensions/MessageIdUtils.java,0,0,153,0,0.0,0,0,0.0,0,No
4.2.0,hedwig-protocol/src/main/java/org/apache/hedwig/protoextensions/PubSubResponseUtils.java,3,2,68,26,8.0,18,25,8.0,18,No
4.2.0,hedwig-protocol/src/main/java/org/apache/hedwig/protoextensions/SubscriptionStateUtils.java,1,1,100,59,59.0,59,59,59.0,59,No
4.2.0,hedwig-server/src/main/java/org/apache/hedwig/admin/HedwigAdmin.java,6,2,549,332,55.0,223,185,30.0,117,No
4.2.0,hedwig-server/src/main/java/org/apache/hedwig/admin/console/HedwigCommands.java,1,1,437,12,12.0,12,12,12.0,12,No
4.2.0,hedwig-server/src/main/java/org/apache/hedwig/admin/console/HedwigConsole.java,7,2,1033,149,21.0,83,98,14.0,45,No
4.2.0,hedwig-server/src/main/java/org/apache/hedwig/admin/console/JLineHedwigCompletor.java,1,1,101,11,11.0,11,9,9.0,9,No
4.2.0,hedwig-server/src/main/java/org/apache/hedwig/admin/console/ReadTopic.java,2,1,331,23,11.0,18,24,12.0,24,No
4.2.0,hedwig-server/src/main/java/org/apache/hedwig/data/MessageFormatter.java,1,1,123,123,123.0,123,123,123.0,123,No
4.2.0,hedwig-server/src/main/java/org/apache/hedwig/server/benchmark/AbstractBenchmark.java,1,1,106,4,4.0,4,1,1.0,1,No
4.2.0,hedwig-server/src/main/java/org/apache/hedwig/server/benchmark/BookieBenchmark.java,1,1,106,2,2.0,2,1,1.0,1,No
4.2.0,hedwig-server/src/main/java/org/apache/hedwig/server/benchmark/BookkeeperBenchmark.java,1,1,93,2,2.0,2,1,1.0,1,No
4.2.0,hedwig-server/src/main/java/org/apache/hedwig/server/benchmark/FakeBookie.java,0,0,101,0,0.0,0,0,0.0,0,No
4.2.0,hedwig-server/src/main/java/org/apache/hedwig/server/common/ByteStringInterner.java,1,1,38,2,2.0,2,7,7.0,7,No
4.2.0,hedwig-server/src/main/java/org/apache/hedwig/server/common/ServerConfiguration.java,12,3,584,316,26.0,140,285,23.0,121,No
4.2.0,hedwig-server/src/main/java/org/apache/hedwig/server/common/TerminateJVMExceptionHandler.java,0,0,32,0,0.0,0,0,0.0,0,No
4.2.0,hedwig-server/src/main/java/org/apache/hedwig/server/common/TopicOpQueuer.java,0,0,111,0,0.0,0,0,0.0,0,No
4.2.0,hedwig-server/src/main/java/org/apache/hedwig/server/common/UnexpectedError.java,0,0,35,0,0.0,0,0,0.0,0,No
4.2.0,hedwig-server/src/main/java/org/apache/hedwig/server/delivery/ChannelEndPoint.java,1,1,90,5,5.0,5,5,5.0,5,No
4.2.0,hedwig-server/src/main/java/org/apache/hedwig/server/delivery/DeliveryCallback.java,0,0,27,0,0.0,0,0,0.0,0,No
4.2.0,hedwig-server/src/main/java/org/apache/hedwig/server/delivery/DeliveryEndPoint.java,0,0,28,0,0.0,0,0,0.0,0,No
4.2.0,hedwig-server/src/main/java/org/apache/hedwig/server/delivery/DeliveryManager.java,5,1,92,64,12.0,28,56,11.0,27,No
4.2.0,hedwig-server/src/main/java/org/apache/hedwig/server/delivery/FIFODeliveryManager.java,14,3,885,476,34.0,125,351,25.0,118,No
4.2.0,hedwig-server/src/main/java/org/apache/hedwig/server/handlers/BaseHandler.java,0,0,67,0,0.0,0,0,0.0,0,No
4.2.0,hedwig-server/src/main/java/org/apache/hedwig/server/handlers/ChannelDisconnectListener.java,0,0,29,0,0.0,0,0,0.0,0,No
4.2.0,hedwig-server/src/main/java/org/apache/hedwig/server/handlers/CloseSubscriptionHandler.java,1,1,105,105,105.0,105,105,105.0,105,No
4.2.0,hedwig-server/src/main/java/org/apache/hedwig/server/handlers/ConsumeHandler.java,0,0,72,0,0.0,0,0,0.0,0,No
4.2.0,hedwig-server/src/main/java/org/apache/hedwig/server/handlers/Handler.java,0,0,37,0,0.0,0,0,0.0,0,No
4.2.0,hedwig-server/src/main/java/org/apache/hedwig/server/handlers/NettyHandlerBean.java,1,1,47,5,5.0,5,4,4.0,4,No
4.2.0,hedwig-server/src/main/java/org/apache/hedwig/server/handlers/NettyHandlerMXBean.java,0,0,31,0,0.0,0,0,0.0,0,No
4.2.0,hedwig-server/src/main/java/org/apache/hedwig/server/handlers/PublishHandler.java,2,1,90,18,9.0,15,13,6.0,12,No
4.2.0,hedwig-server/src/main/java/org/apache/hedwig/server/handlers/SubscribeHandler.java,8,2,223,190,23.0,68,173,21.0,59,No
4.2.0,hedwig-server/src/main/java/org/apache/hedwig/server/handlers/SubscriptionChannelManager.java,3,2,214,233,77.0,153,214,71.0,153,No
4.2.0,hedwig-server/src/main/java/org/apache/hedwig/server/handlers/UnsubscribeHandler.java,2,2,107,33,16.0,29,26,13.0,24,No
4.2.0,hedwig-server/src/main/java/org/apache/hedwig/server/jmx/HedwigJMXService.java,0,0,37,0,0.0,0,0,0.0,0,No
4.2.0,hedwig-server/src/main/java/org/apache/hedwig/server/jmx/HedwigMBeanInfo.java,0,0,27,0,0.0,0,0,0.0,0,No
4.2.0,hedwig-server/src/main/java/org/apache/hedwig/server/jmx/HedwigMBeanRegistry.java,0,0,48,0,0.0,0,0,0.0,0,No
4.2.0,hedwig-server/src/main/java/org/apache/hedwig/server/meta/FactoryLayout.java,2,1,166,166,83.0,149,166,83.0,149,No
4.2.0,hedwig-server/src/main/java/org/apache/hedwig/server/meta/MetadataManagerFactory.java,4,1,213,241,60.0,163,213,53.0,163,No
4.2.0,hedwig-server/src/main/java/org/apache/hedwig/server/meta/MsMetadataManagerFactory.java,1,1,866,866,866.0,866,866,866.0,866,No
4.2.0,hedwig-server/src/main/java/org/apache/hedwig/server/meta/SubscriptionDataManager.java,3,1,159,190,63.0,118,159,53.0,118,No
4.2.0,hedwig-server/src/main/java/org/apache/hedwig/server/meta/TopicOwnershipManager.java,2,1,100,104,52.0,100,100,50.0,100,No
4.2.0,hedwig-server/src/main/java/org/apache/hedwig/server/meta/TopicPersistenceManager.java,2,1,96,100,50.0,96,96,48.0,96,No
4.2.0,hedwig-server/src/main/java/org/apache/hedwig/server/meta/ZkMetadataManagerFactory.java,7,1,841,893,127.0,559,841,120.0,559,No
4.2.0,hedwig-server/src/main/java/org/apache/hedwig/server/netty/PubSubServer.java,9,3,525,127,14.0,40,89,9.0,28,No
4.2.0,hedwig-server/src/main/java/org/apache/hedwig/server/netty/PubSubServerBean.java,1,1,83,7,7.0,7,6,6.0,6,No
4.2.0,hedwig-server/src/main/java/org/apache/hedwig/server/netty/PubSubServerMXBean.java,0,0,63,0,0.0,0,0,0.0,0,No
4.2.0,hedwig-server/src/main/java/org/apache/hedwig/server/netty/PubSubServerPipelineFactory.java,0,0,76,0,0.0,0,0,0.0,0,No
4.2.0,hedwig-server/src/main/java/org/apache/hedwig/server/netty/ServerStats.java,1,1,202,11,11.0,11,11,11.0,11,No
4.2.0,hedwig-server/src/main/java/org/apache/hedwig/server/netty/UmbrellaHandler.java,2,2,155,10,5.0,7,7,3.0,6,No
4.2.0,hedwig-server/src/main/java/org/apache/hedwig/server/persistence/BookkeeperPersistenceManager.java,11,3,1262,695,63.0,330,454,41.0,199,No
4.2.0,hedwig-server/src/main/java/org/apache/hedwig/server/persistence/CacheKey.java,0,0,74,0,0.0,0,0,0.0,0,No
4.2.0,hedwig-server/src/main/java/org/apache/hedwig/server/persistence/CacheValue.java,2,2,101,19,9.0,18,11,5.0,9,No
4.2.0,hedwig-server/src/main/java/org/apache/hedwig/server/persistence/CancelScanRequest.java,1,1,27,27,27.0,27,27,27.0,27,No
4.2.0,hedwig-server/src/main/java/org/apache/hedwig/server/persistence/Factory.java,0,0,22,0,0.0,0,0,0.0,0,No
4.2.0,hedwig-server/src/main/java/org/apache/hedwig/server/persistence/LocalDBPersistenceManager.java,3,2,489,11,3.0,5,8,2.0,5,No
4.2.0,hedwig-server/src/main/java/org/apache/hedwig/server/persistence/MapMethods.java,0,0,62,0,0.0,0,0,0.0,0,No
4.2.0,hedwig-server/src/main/java/org/apache/hedwig/server/persistence/PersistRequest.java,1,1,59,4,4.0,4,1,1.0,1,No
4.2.0,hedwig-server/src/main/java/org/apache/hedwig/server/persistence/PersistenceManager.java,1,1,99,5,5.0,5,5,5.0,5,No
4.2.0,hedwig-server/src/main/java/org/apache/hedwig/server/persistence/PersistenceManagerWithRangeScan.java,0,0,27,0,0.0,0,0,0.0,0,No
4.2.0,hedwig-server/src/main/java/org/apache/hedwig/server/persistence/RangeScanRequest.java,0,0,77,0,0.0,0,0,0.0,0,No
4.2.0,hedwig-server/src/main/java/org/apache/hedwig/server/persistence/ReadAheadCache.java,7,2,846,298,42.0,128,124,17.0,73,No
4.2.0,hedwig-server/src/main/java/org/apache/hedwig/server/persistence/ReadAheadCacheBean.java,2,1,64,2,1.0,1,0,0.0,0,No
4.2.0,hedwig-server/src/main/java/org/apache/hedwig/server/persistence/ReadAheadCacheMXBean.java,0,0,45,0,0.0,0,0,0.0,0,No
4.2.0,hedwig-server/src/main/java/org/apache/hedwig/server/persistence/ScanCallback.java,0,0,63,0,0.0,0,0,0.0,0,No
4.2.0,hedwig-server/src/main/java/org/apache/hedwig/server/persistence/ScanCallbackWithContext.java,1,1,54,17,17.0,17,17,17.0,17,No
4.2.0,hedwig-server/src/main/java/org/apache/hedwig/server/persistence/ScanRequest.java,0,0,64,0,0.0,0,0,0.0,0,No
4.2.0,hedwig-server/src/main/java/org/apache/hedwig/server/proxy/ChannelTracker.java,1,1,132,9,9.0,9,8,8.0,8,No
4.2.0,hedwig-server/src/main/java/org/apache/hedwig/server/proxy/HedwigProxy.java,2,1,177,7,3.0,5,5,2.0,4,No
4.2.0,hedwig-server/src/main/java/org/apache/hedwig/server/proxy/ProxyCloseSubscriptionHandler.java,1,1,70,70,70.0,70,70,70.0,70,No
4.2.0,hedwig-server/src/main/java/org/apache/hedwig/server/proxy/ProxyConfiguration.java,0,0,36,0,0.0,0,0,0.0,0,No
4.2.0,hedwig-server/src/main/java/org/apache/hedwig/server/proxy/ProxyConsumeHandler.java,0,0,58,0,0.0,0,0,0.0,0,No
4.2.0,hedwig-server/src/main/java/org/apache/hedwig/server/proxy/ProxyPublishHander.java,0,0,62,0,0.0,0,0,0.0,0,No
4.2.0,hedwig-server/src/main/java/org/apache/hedwig/server/proxy/ProxyStartDeliveryHandler.java,0,0,132,0,0.0,0,0,0.0,0,No
4.2.0,hedwig-server/src/main/java/org/apache/hedwig/server/proxy/ProxyStopDeliveryHandler.java,0,0,74,0,0.0,0,0,0.0,0,No
4.2.0,hedwig-server/src/main/java/org/apache/hedwig/server/proxy/ProxySubscribeHandler.java,0,0,83,0,0.0,0,0,0.0,0,No
4.2.0,hedwig-server/src/main/java/org/apache/hedwig/server/proxy/ProxyUnsubscribeHandler.java,0,0,74,0,0.0,0,0,0.0,0,No
4.2.0,hedwig-server/src/main/java/org/apache/hedwig/server/regions/HedwigHubClient.java,0,0,48,0,0.0,0,0,0.0,0,No
4.2.0,hedwig-server/src/main/java/org/apache/hedwig/server/regions/HedwigHubClientFactory.java,1,1,74,20,20.0,20,14,14.0,14,No
4.2.0,hedwig-server/src/main/java/org/apache/hedwig/server/regions/HedwigHubSubscriber.java,0,0,86,0,0.0,0,0,0.0,0,No
4.2.0,hedwig-server/src/main/java/org/apache/hedwig/server/regions/RegionManager.java,2,1,355,22,11.0,20,0,0.0,0,No
4.2.0,hedwig-server/src/main/java/org/apache/hedwig/server/ssl/SslServerContextFactory.java,0,0,53,0,0.0,0,0,0.0,0,No
4.2.0,hedwig-server/src/main/java/org/apache/hedwig/server/subscriptions/AbstractSubscriptionManager.java,10,2,798,313,31.0,94,226,22.0,74,No
4.2.0,hedwig-server/src/main/java/org/apache/hedwig/server/subscriptions/AllToAllTopologyFilter.java,2,1,75,44,22.0,38,36,18.0,35,No
4.2.0,hedwig-server/src/main/java/org/apache/hedwig/server/subscriptions/InMemorySubscriptionManager.java,5,2,125,64,12.0,20,47,9.0,16,No
4.2.0,hedwig-server/src/main/java/org/apache/hedwig/server/subscriptions/InMemorySubscriptionState.java,6,2,200,129,21.0,81,115,19.0,77,No
4.2.0,hedwig-server/src/main/java/org/apache/hedwig/server/subscriptions/MMSubscriptionManager.java,4,1,134,161,40.0,82,134,33.0,82,No
4.2.0,hedwig-server/src/main/java/org/apache/hedwig/server/subscriptions/SubscriptionEventListener.java,0,0,57,0,0.0,0,0,0.0,0,No
4.2.0,hedwig-server/src/main/java/org/apache/hedwig/server/subscriptions/SubscriptionManager.java,2,1,123,18,9.0,15,15,7.0,15,No
4.2.0,hedwig-server/src/main/java/org/apache/hedwig/server/topics/AbstractTopicManager.java,1,1,204,4,4.0,4,3,3.0,3,No
4.2.0,hedwig-server/src/main/java/org/apache/hedwig/server/topics/HubInfo.java,1,1,162,162,162.0,162,162,162.0,162,No
4.2.0,hedwig-server/src/main/java/org/apache/hedwig/server/topics/HubLoad.java,2,1,130,131,65.0,130,130,65.0,130,No
4.2.0,hedwig-server/src/main/java/org/apache/hedwig/server/topics/HubServerManager.java,1,1,108,108,108.0,108,108,108.0,108,No
4.2.0,hedwig-server/src/main/java/org/apache/hedwig/server/topics/MMTopicManager.java,2,1,353,354,177.0,353,353,176.0,353,No
4.2.0,hedwig-server/src/main/java/org/apache/hedwig/server/topics/TopicManager.java,0,0,80,0,0.0,0,0,0.0,0,No
4.2.0,hedwig-server/src/main/java/org/apache/hedwig/server/topics/TopicOwnershipChangeListener.java,0,0,28,0,0.0,0,0,0.0,0,No
4.2.0,hedwig-server/src/main/java/org/apache/hedwig/server/topics/TrivialOwnAllTopicManager.java,0,0,57,0,0.0,0,0,0.0,0,No
4.2.0,hedwig-server/src/main/java/org/apache/hedwig/server/topics/ZkHubServerManager.java,2,2,306,312,156.0,310,314,157.0,310,No
4.2.0,hedwig-server/src/main/java/org/apache/hedwig/server/topics/ZkTopicManager.java,1,1,340,77,77.0,77,106,106.0,106,No
4.2.0,hedwig-server/src/main/java/org/apache/hedwig/zookeeper/SafeAsynBKCallback.java,0,0,104,0,0.0,0,0,0.0,0,No
4.2.0,hedwig-server/src/main/java/org/apache/hedwig/zookeeper/SafeAsyncCallback.java,0,0,35,0,0.0,0,0,0.0,0,No
4.2.0,hedwig-server/src/main/java/org/apache/hedwig/zookeeper/SafeAsyncZKCallback.java,0,0,98,0,0.0,0,0,0.0,0,No
4.2.0,hedwig-server/src/main/java/org/apache/hedwig/zookeeper/ZkUtils.java,1,1,117,38,38.0,38,38,38.0,38,No
